{
  "__type__": "cc.SpriteFrame",
  "content": {
    "name": "skeleton-Fx3_12",
    "atlas": "",
    "rect": {
      "x": 46,
      "y": 39,
      "width": 133,
      "height": 126
    },
    "offset": {
      "x": -3.5,
      "y": 0.5
    },
    "originalSize": {
      "width": 232,
      "height": 205
    },
    "rotated": false,
    "capInsets": [
      0,
      0,
      0,
      0
    ],
    "vertices": {
      "rawPosition": [
        -66.5,
        -63,
        0,
        66.5,
        -63,
        0,
        -66.5,
        63,
        0,
        66.5,
        63,
        0
      ],
      "indexes": [
        0,
        1,
        2,
        2,
        1,
        3
      ],
      "uv": [
        46,
        166,
        179,
        166,
        46,
        40,
        179,
        40
      ],
      "nuv": [
        0.19827586206896552,
        0.1951219512195122,
        0.771551724137931,
        0.1951219512195122,
        0.19827586206896552,
        0.8097560975609757,
        0.771551724137931,
        0.8097560975609757
      ],
      "minPos": {
        "x": -66.5,
        "y": -63,
        "z": 0
      },
      "maxPos": {
        "x": 66.5,
        "y": 63,
        "z": 0
      }
    },
    "texture": "49f17d52-f77f-49fe-9929-388dd3520cce@6c48a",
    "packable": true,
    "pixelsToUnit": 100,
    "pivot": {
      "x": 0.5,
      "y": 0.5
    },
    "meshType": 0
  }
}