{
  "__type__": "cc.SpriteFrame",
  "content": {
    "name": "Layer01",
    "atlas": "",
    "rect": {
      "x": 0,
      "y": 0,
      "width": 1773,
      "height": 250
    },
    "offset": {
      "x": -1,
      "y": 0
    },
    "originalSize": {
      "width": 1775,
      "height": 250
    },
    "rotated": false,
    "capInsets": [
      0,
      0,
      0,
      0
    ],
    "vertices": {
      "rawPosition": [
        -886.5,
        -125,
        0,
        886.5,
        -125,
        0,
        -886.5,
        125,
        0,
        886.5,
        125,
        0
      ],
      "indexes": [
        0,
        1,
        2,
        2,
        1,
        3
      ],
      "uv": [
        0,
        250,
        1773,
        250,
        0,
        0,
        1773,
        0
      ],
      "nuv": [
        0,
        0,
        0.9988732394366198,
        0,
        0,
        1,
        0.9988732394366198,
        1
      ],
      "minPos": {
        "x": -886.5,
        "y": -125,
        "z": 0
      },
      "maxPos": {
        "x": 886.5,
        "y": 125,
        "z": 0
      }
    },
    "texture": "30b03882-37bb-453d-b63c-7cb3a27160e9@6c48a",
    "packable": true,
    "pixelsToUnit": 100,
    "pivot": {
      "x": 0.5,
      "y": 0.5
    },
    "meshType": 0
  }
}