{
  "__type__": "cc.SpriteFrame",
  "content": {
    "name": "skeleton-Fx2_14",
    "atlas": "",
    "rect": {
      "x": 0,
      "y": 1,
      "width": 198,
      "height": 184
    },
    "offset": {
      "x": -0.5,
      "y": -0.5
    },
    "originalSize": {
      "width": 199,
      "height": 185
    },
    "rotated": false,
    "capInsets": [
      0,
      0,
      0,
      0
    ],
    "vertices": {
      "rawPosition": [
        -99,
        -92,
        0,
        99,
        -92,
        0,
        -99,
        92,
        0,
        99,
        92,
        0
      ],
      "indexes": [
        0,
        1,
        2,
        2,
        1,
        3
      ],
      "uv": [
        0,
        184,
        198,
        184,
        0,
        0,
        198,
        0
      ],
      "nuv": [
        0,
        0,
        0.9949748743718593,
        0,
        0,
        0.9945945945945946,
        0.9949748743718593,
        0.9945945945945946
      ],
      "minPos": {
        "x": -99,
        "y": -92,
        "z": 0
      },
      "maxPos": {
        "x": 99,
        "y": 92,
        "z": 0
      }
    },
    "texture": "f40e8fd3-809a-49d8-a4b5-af08e1b9132d@6c48a",
    "packable": true,
    "pixelsToUnit": 100,
    "pivot": {
      "x": 0.5,
      "y": 0.5
    },
    "meshType": 0
  }
}