{
  "__type__": "cc.SpriteFrame",
  "content": {
    "name": "skeleton",
    "atlas": "",
    "rect": {
      "x": 2,
      "y": 2,
      "width": 373,
      "height": 498
    },
    "offset": {
      "x": 0,
      "y": 0
    },
    "originalSize": {
      "width": 377,
      "height": 502
    },
    "rotated": false,
    "capInsets": [
      0,
      0,
      0,
      0
    ],
    "vertices": {
      "rawPosition": [
        -186.5,
        -249,
        0,
        186.5,
        -249,
        0,
        -186.5,
        249,
        0,
        186.5,
        249,
        0
      ],
      "indexes": [
        0,
        1,
        2,
        2,
        1,
        3
      ],
      "uv": [
        2,
        500,
        375,
        500,
        2,
        2,
        375,
        2
      ],
      "nuv": [
        0.005305039787798408,
        0.00398406374501992,
        0.9946949602122016,
        0.00398406374501992,
        0.005305039787798408,
        0.9960159362549801,
        0.9946949602122016,
        0.9960159362549801
      ],
      "minPos": {
        "x": -186.5,
        "y": -249,
        "z": 0
      },
      "maxPos": {
        "x": 186.5,
        "y": 249,
        "z": 0
      }
    },
    "texture": "d026356d-73c9-4dc9-89e3-b2c7657b6e1c@6c48a",
    "packable": true,
    "pixelsToUnit": 100,
    "pivot": {
      "x": 0.5,
      "y": 0.5
    },
    "meshType": 0
  }
}