{
  "__type__": "cc.SpriteFrame",
  "content": {
    "name": "skeleton-Fx3_8",
    "atlas": "",
    "rect": {
      "x": 74,
      "y": 68,
      "width": 77,
      "height": 65
    },
    "offset": {
      "x": -3.5,
      "y": 2
    },
    "originalSize": {
      "width": 232,
      "height": 205
    },
    "rotated": false,
    "capInsets": [
      0,
      0,
      0,
      0
    ],
    "vertices": {
      "rawPosition": [
        -38.5,
        -32.5,
        0,
        38.5,
        -32.5,
        0,
        -38.5,
        32.5,
        0,
        38.5,
        32.5,
        0
      ],
      "indexes": [
        0,
        1,
        2,
        2,
        1,
        3
      ],
      "uv": [
        74,
        137,
        151,
        137,
        74,
        72,
        151,
        72
      ],
      "nuv": [
        0.31896551724137934,
        0.35121951219512193,
        0.6508620689655172,
        0.35121951219512193,
        0.31896551724137934,
        0.6682926829268293,
        0.6508620689655172,
        0.6682926829268293
      ],
      "minPos": {
        "x": -38.5,
        "y": -32.5,
        "z": 0
      },
      "maxPos": {
        "x": 38.5,
        "y": 32.5,
        "z": 0
      }
    },
    "texture": "d05d21a5-9950-4d03-ad5e-787013131744@6c48a",
    "packable": true,
    "pixelsToUnit": 100,
    "pivot": {
      "x": 0.5,
      "y": 0.5
    },
    "meshType": 0
  }
}