{
  "__type__": "cc.SpriteFrame",
  "content": {
    "name": "Lvl3_broken3",
    "atlas": "",
    "rect": {
      "x": 0,
      "y": 0,
      "width": 269,
      "height": 205
    },
    "offset": {
      "x": -0.5,
      "y": 0
    },
    "originalSize": {
      "width": 270,
      "height": 205
    },
    "rotated": false,
    "capInsets": [
      0,
      0,
      0,
      0
    ],
    "vertices": {
      "rawPosition": [
        -134.5,
        -102.5,
        0,
        134.5,
        -102.5,
        0,
        -134.5,
        102.5,
        0,
        134.5,
        102.5,
        0
      ],
      "indexes": [
        0,
        1,
        2,
        2,
        1,
        3
      ],
      "uv": [
        0,
        205,
        269,
        205,
        0,
        0,
        269,
        0
      ],
      "nuv": [
        0,
        0,
        0.9962962962962963,
        0,
        0,
        1,
        0.9962962962962963,
        1
      ],
      "minPos": {
        "x": -134.5,
        "y": -102.5,
        "z": 0
      },
      "maxPos": {
        "x": 134.5,
        "y": 102.5,
        "z": 0
      }
    },
    "texture": "da7bfd46-e5c4-409a-92a5-f1414b5f924c@6c48a",
    "packable": true,
    "pixelsToUnit": 100,
    "pivot": {
      "x": 0.5,
      "y": 0.5
    },
    "meshType": 0
  }
}