{
  "__type__": "cc.SpriteFrame",
  "content": {
    "name": "skeleton-Fx3_17",
    "atlas": "",
    "rect": {
      "x": 25,
      "y": 31,
      "width": 172,
      "height": 149
    },
    "offset": {
      "x": -5,
      "y": -3
    },
    "originalSize": {
      "width": 232,
      "height": 205
    },
    "rotated": false,
    "capInsets": [
      0,
      0,
      0,
      0
    ],
    "vertices": {
      "rawPosition": [
        -86,
        -74.5,
        0,
        86,
        -74.5,
        0,
        -86,
        74.5,
        0,
        86,
        74.5,
        0
      ],
      "indexes": [
        0,
        1,
        2,
        2,
        1,
        3
      ],
      "uv": [
        25,
        174,
        197,
        174,
        25,
        25,
        197,
        25
      ],
      "nuv": [
        0.10775862068965517,
        0.12195121951219512,
        0.8491379310344828,
        0.12195121951219512,
        0.10775862068965517,
        0.848780487804878,
        0.8491379310344828,
        0.848780487804878
      ],
      "minPos": {
        "x": -86,
        "y": -74.5,
        "z": 0
      },
      "maxPos": {
        "x": 86,
        "y": 74.5,
        "z": 0
      }
    },
    "texture": "b63fe119-246e-4ade-b5bf-876a49d6e29d@6c48a",
    "packable": true,
    "pixelsToUnit": 100,
    "pivot": {
      "x": 0.5,
      "y": 0.5
    },
    "meshType": 0
  }
}