{
  "__type__": "cc.SpriteFrame",
  "content": {
    "name": "Head",
    "atlas": "",
    "rect": {
      "x": 31,
      "y": 4,
      "width": 67,
      "height": 73
    },
    "offset": {
      "x": 14,
      "y": -0.5
    },
    "originalSize": {
      "width": 101,
      "height": 80
    },
    "rotated": false,
    "capInsets": [
      0,
      0,
      0,
      0
    ],
    "vertices": {
      "rawPosition": [
        -33.5,
        -36.5,
        0,
        33.5,
        -36.5,
        0,
        -33.5,
        36.5,
        0,
        33.5,
        36.5,
        0
      ],
      "indexes": [
        0,
        1,
        2,
        2,
        1,
        3
      ],
      "uv": [
        31,
        76,
        98,
        76,
        31,
        3,
        98,
        3
      ],
      "nuv": [
        0.3069306930693069,
        0.0375,
        0.9702970297029703,
        0.0375,
        0.3069306930693069,
        0.95,
        0.9702970297029703,
        0.95
      ],
      "minPos": {
        "x": -33.5,
        "y": -36.5,
        "z": 0
      },
      "maxPos": {
        "x": 33.5,
        "y": 36.5,
        "z": 0
      }
    },
    "texture": "a7bef46f-5487-4ac2-acd5-264daf42a3de@6c48a",
    "packable": true,
    "pixelsToUnit": 100,
    "pivot": {
      "x": 0.5,
      "y": 0.5
    },
    "meshType": 0
  }
}