{
  "__type__": "cc.SpriteFrame",
  "content": {
    "name": "skeleton-Fx3_11",
    "atlas": "",
    "rect": {
      "x": 56,
      "y": 49,
      "width": 110,
      "height": 105
    },
    "offset": {
      "x": -5,
      "y": 1
    },
    "originalSize": {
      "width": 232,
      "height": 205
    },
    "rotated": false,
    "capInsets": [
      0,
      0,
      0,
      0
    ],
    "vertices": {
      "rawPosition": [
        -55,
        -52.5,
        0,
        55,
        -52.5,
        0,
        -55,
        52.5,
        0,
        55,
        52.5,
        0
      ],
      "indexes": [
        0,
        1,
        2,
        2,
        1,
        3
      ],
      "uv": [
        56,
        156,
        166,
        156,
        56,
        51,
        166,
        51
      ],
      "nuv": [
        0.2413793103448276,
        0.24878048780487805,
        0.7155172413793104,
        0.24878048780487805,
        0.2413793103448276,
        0.7609756097560976,
        0.7155172413793104,
        0.7609756097560976
      ],
      "minPos": {
        "x": -55,
        "y": -52.5,
        "z": 0
      },
      "maxPos": {
        "x": 55,
        "y": 52.5,
        "z": 0
      }
    },
    "texture": "83ced966-81dc-4de1-aec4-56e7c957ee02@6c48a",
    "packable": true,
    "pixelsToUnit": 100,
    "pivot": {
      "x": 0.5,
      "y": 0.5
    },
    "meshType": 0
  }
}