{
  "__type__": "cc.SpriteFrame",
  "content": {
    "name": "skeleton",
    "atlas": "",
    "rect": {
      "x": 2,
      "y": 2,
      "width": 852,
      "height": 500
    },
    "offset": {
      "x": 0,
      "y": 0
    },
    "originalSize": {
      "width": 856,
      "height": 504
    },
    "rotated": false,
    "capInsets": [
      0,
      0,
      0,
      0
    ],
    "vertices": {
      "rawPosition": [
        -426,
        -250,
        0,
        426,
        -250,
        0,
        -426,
        250,
        0,
        426,
        250,
        0
      ],
      "indexes": [
        0,
        1,
        2,
        2,
        1,
        3
      ],
      "uv": [
        2,
        502,
        854,
        502,
        2,
        2,
        854,
        2
      ],
      "nuv": [
        0.002336448598130841,
        0.003968253968253968,
        0.9976635514018691,
        0.003968253968253968,
        0.002336448598130841,
        0.996031746031746,
        0.9976635514018691,
        0.996031746031746
      ],
      "minPos": {
        "x": -426,
        "y": -250,
        "z": 0
      },
      "maxPos": {
        "x": 426,
        "y": 250,
        "z": 0
      }
    },
    "texture": "948c47b9-3d4e-4b0b-ac83-f071ac115489@6c48a",
    "packable": true,
    "pixelsToUnit": 100,
    "pivot": {
      "x": 0.5,
      "y": 0.5
    },
    "meshType": 0
  }
}