{
  "__type__": "cc.SpriteFrame",
  "content": {
    "name": "skeleton",
    "atlas": "",
    "rect": {
      "x": 2,
      "y": 2,
      "width": 672,
      "height": 500
    },
    "offset": {
      "x": 0,
      "y": 0
    },
    "originalSize": {
      "width": 676,
      "height": 504
    },
    "rotated": false,
    "capInsets": [
      0,
      0,
      0,
      0
    ],
    "vertices": {
      "rawPosition": [
        -336,
        -250,
        0,
        336,
        -250,
        0,
        -336,
        250,
        0,
        336,
        250,
        0
      ],
      "indexes": [
        0,
        1,
        2,
        2,
        1,
        3
      ],
      "uv": [
        2,
        502,
        674,
        502,
        2,
        2,
        674,
        2
      ],
      "nuv": [
        0.0029585798816568047,
        0.003968253968253968,
        0.9970414201183432,
        0.003968253968253968,
        0.0029585798816568047,
        0.996031746031746,
        0.9970414201183432,
        0.996031746031746
      ],
      "minPos": {
        "x": -336,
        "y": -250,
        "z": 0
      },
      "maxPos": {
        "x": 336,
        "y": 250,
        "z": 0
      }
    },
    "texture": "702c5611-c0a3-4d7b-9e95-71bbd2b9eef5@6c48a",
    "packable": true,
    "pixelsToUnit": 100,
    "pivot": {
      "x": 0.5,
      "y": 0.5
    },
    "meshType": 0
  }
}