{
  "__type__": "cc.SpriteFrame",
  "content": {
    "name": "Smoke1",
    "atlas": "",
    "rect": {
      "x": 2,
      "y": 0,
      "width": 144,
      "height": 58
    },
    "offset": {
      "x": 1,
      "y": 0
    },
    "originalSize": {
      "width": 146,
      "height": 58
    },
    "rotated": false,
    "capInsets": [
      0,
      0,
      0,
      0
    ],
    "vertices": {
      "rawPosition": [
        -72,
        -29,
        0,
        72,
        -29,
        0,
        -72,
        29,
        0,
        72,
        29,
        0
      ],
      "indexes": [
        0,
        1,
        2,
        2,
        1,
        3
      ],
      "uv": [
        2,
        58,
        146,
        58,
        2,
        0,
        146,
        0
      ],
      "nuv": [
        0.0136986301369863,
        0,
        1,
        0,
        0.0136986301369863,
        1,
        1,
        1
      ],
      "minPos": {
        "x": -72,
        "y": -29,
        "z": 0
      },
      "maxPos": {
        "x": 72,
        "y": 29,
        "z": 0
      }
    },
    "texture": "6f793f05-620e-460a-8975-28870a671b65@6c48a",
    "packable": true,
    "pixelsToUnit": 100,
    "pivot": {
      "x": 0.5,
      "y": 0.5
    },
    "meshType": 0
  }
}