{
  "__type__": "cc.SpriteFrame",
  "content": {
    "name": "skeleton-Fx3_6",
    "atlas": "",
    "rect": {
      "x": 79,
      "y": 73,
      "width": 66,
      "height": 56
    },
    "offset": {
      "x": -4,
      "y": 1.5
    },
    "originalSize": {
      "width": 232,
      "height": 205
    },
    "rotated": false,
    "capInsets": [
      0,
      0,
      0,
      0
    ],
    "vertices": {
      "rawPosition": [
        -33,
        -28,
        0,
        33,
        -28,
        0,
        -33,
        28,
        0,
        33,
        28,
        0
      ],
      "indexes": [
        0,
        1,
        2,
        2,
        1,
        3
      ],
      "uv": [
        79,
        132,
        145,
        132,
        79,
        76,
        145,
        76
      ],
      "nuv": [
        0.34051724137931033,
        0.37073170731707317,
        0.625,
        0.37073170731707317,
        0.34051724137931033,
        0.6439024390243903,
        0.625,
        0.6439024390243903
      ],
      "minPos": {
        "x": -33,
        "y": -28,
        "z": 0
      },
      "maxPos": {
        "x": 33,
        "y": 28,
        "z": 0
      }
    },
    "texture": "d3878691-e500-4b63-adc1-9ce3fbea6b50@6c48a",
    "packable": true,
    "pixelsToUnit": 100,
    "pivot": {
      "x": 0.5,
      "y": 0.5
    },
    "meshType": 0
  }
}