{
  "__type__": "cc.SpriteFrame",
  "content": {
    "name": "Head-2",
    "atlas": "",
    "rect": {
      "x": 22,
      "y": 0,
      "width": 73,
      "height": 64
    },
    "offset": {
      "x": 4,
      "y": 9.5
    },
    "originalSize": {
      "width": 109,
      "height": 83
    },
    "rotated": false,
    "capInsets": [
      0,
      0,
      0,
      0
    ],
    "vertices": {
      "rawPosition": [
        -36.5,
        -32,
        0,
        36.5,
        -32,
        0,
        -36.5,
        32,
        0,
        36.5,
        32,
        0
      ],
      "indexes": [
        0,
        1,
        2,
        2,
        1,
        3
      ],
      "uv": [
        22,
        83,
        95,
        83,
        22,
        19,
        95,
        19
      ],
      "nuv": [
        0.2018348623853211,
        0.2289156626506024,
        0.8715596330275229,
        0.2289156626506024,
        0.2018348623853211,
        1,
        0.8715596330275229,
        1
      ],
      "minPos": {
        "x": -36.5,
        "y": -32,
        "z": 0
      },
      "maxPos": {
        "x": 36.5,
        "y": 32,
        "z": 0
      }
    },
    "texture": "f7abaf3d-9d21-4455-a9f0-246e75dfd5bb@6c48a",
    "packable": true,
    "pixelsToUnit": 100,
    "pivot": {
      "x": 0.5,
      "y": 0.5
    },
    "meshType": 0
  }
}