{
  "__type__": "cc.SpriteFrame",
  "content": {
    "name": "05",
    "atlas": "",
    "rect": {
      "x": 0,
      "y": 1,
      "width": 149,
      "height": 155
    },
    "offset": {
      "x": 0,
      "y": -0.5
    },
    "originalSize": {
      "width": 149,
      "height": 156
    },
    "rotated": false,
    "capInsets": [
      0,
      0,
      0,
      0
    ],
    "vertices": {
      "rawPosition": [
        -74.5,
        -77.5,
        0,
        74.5,
        -77.5,
        0,
        -74.5,
        77.5,
        0,
        74.5,
        77.5,
        0
      ],
      "indexes": [
        0,
        1,
        2,
        2,
        1,
        3
      ],
      "uv": [
        0,
        155,
        149,
        155,
        0,
        0,
        149,
        0
      ],
      "nuv": [
        0,
        0,
        1,
        0,
        0,
        0.9935897435897436,
        1,
        0.9935897435897436
      ],
      "minPos": {
        "x": -74.5,
        "y": -77.5,
        "z": 0
      },
      "maxPos": {
        "x": 74.5,
        "y": 77.5,
        "z": 0
      }
    },
    "texture": "8d0e56e4-ac1b-4e4f-9456-37e386b396f3@6c48a",
    "packable": true,
    "pixelsToUnit": 100,
    "pivot": {
      "x": 0.5,
      "y": 0.5
    },
    "meshType": 0
  }
}