{
  "__type__": "cc.SpriteFrame",
  "content": {
    "name": "Layer03",
    "atlas": "",
    "rect": {
      "x": 0,
      "y": 0,
      "width": 1774,
      "height": 176
    },
    "offset": {
      "x": -0.5,
      "y": 0
    },
    "originalSize": {
      "width": 1775,
      "height": 176
    },
    "rotated": false,
    "capInsets": [
      0,
      0,
      0,
      0
    ],
    "vertices": {
      "rawPosition": [
        -887,
        -88,
        0,
        887,
        -88,
        0,
        -887,
        88,
        0,
        887,
        88,
        0
      ],
      "indexes": [
        0,
        1,
        2,
        2,
        1,
        3
      ],
      "uv": [
        0,
        176,
        1774,
        176,
        0,
        0,
        1774,
        0
      ],
      "nuv": [
        0,
        0,
        0.9994366197183099,
        0,
        0,
        1,
        0.9994366197183099,
        1
      ],
      "minPos": {
        "x": -887,
        "y": -88,
        "z": 0
      },
      "maxPos": {
        "x": 887,
        "y": 88,
        "z": 0
      }
    },
    "texture": "ac79b24b-376f-4a10-80ad-b25979e7fd95@6c48a",
    "packable": true,
    "pixelsToUnit": 100,
    "pivot": {
      "x": 0.5,
      "y": 0.5
    },
    "meshType": 0
  }
}