{
  "__type__": "cc.SpriteFrame",
  "content": {
    "name": "Head-2",
    "atlas": "",
    "rect": {
      "x": 0,
      "y": 8,
      "width": 92,
      "height": 100
    },
    "offset": {
      "x": -11,
      "y": -4
    },
    "originalSize": {
      "width": 114,
      "height": 108
    },
    "rotated": false,
    "capInsets": [
      0,
      0,
      0,
      0
    ],
    "vertices": {
      "rawPosition": [
        -46,
        -50,
        0,
        46,
        -50,
        0,
        -46,
        50,
        0,
        46,
        50,
        0
      ],
      "indexes": [
        0,
        1,
        2,
        2,
        1,
        3
      ],
      "uv": [
        0,
        100,
        92,
        100,
        0,
        0,
        92,
        0
      ],
      "nuv": [
        0,
        0,
        0.8070175438596491,
        0,
        0,
        0.9259259259259259,
        0.8070175438596491,
        0.9259259259259259
      ],
      "minPos": {
        "x": -46,
        "y": -50,
        "z": 0
      },
      "maxPos": {
        "x": 46,
        "y": 50,
        "z": 0
      }
    },
    "texture": "f5d7ff62-6f43-4ad4-b3ec-eac6c114911c@6c48a",
    "packable": true,
    "pixelsToUnit": 100,
    "pivot": {
      "x": 0.5,
      "y": 0.5
    },
    "meshType": 0
  }
}