{
  "__type__": "cc.SpriteFrame",
  "content": {
    "name": "skeleton",
    "atlas": "",
    "rect": {
      "x": 2,
      "y": 2,
      "width": 848,
      "height": 504
    },
    "offset": {
      "x": 0,
      "y": 0
    },
    "originalSize": {
      "width": 852,
      "height": 508
    },
    "rotated": false,
    "capInsets": [
      0,
      0,
      0,
      0
    ],
    "vertices": {
      "rawPosition": [
        -424,
        -252,
        0,
        424,
        -252,
        0,
        -424,
        252,
        0,
        424,
        252,
        0
      ],
      "indexes": [
        0,
        1,
        2,
        2,
        1,
        3
      ],
      "uv": [
        2,
        506,
        850,
        506,
        2,
        2,
        850,
        2
      ],
      "nuv": [
        0.002347417840375587,
        0.003937007874015748,
        0.9976525821596244,
        0.003937007874015748,
        0.002347417840375587,
        0.9960629921259843,
        0.9976525821596244,
        0.9960629921259843
      ],
      "minPos": {
        "x": -424,
        "y": -252,
        "z": 0
      },
      "maxPos": {
        "x": 424,
        "y": 252,
        "z": 0
      }
    },
    "texture": "198bb2ec-98fb-41b6-ba7d-12fe59e26d46@6c48a",
    "packable": true,
    "pixelsToUnit": 100,
    "pivot": {
      "x": 0.5,
      "y": 0.5
    },
    "meshType": 0
  }
}