{
  "__type__": "cc.SpriteFrame",
  "content": {
    "name": "skeleton",
    "atlas": "",
    "rect": {
      "x": 2,
      "y": 2,
      "width": 874,
      "height": 500
    },
    "offset": {
      "x": 0,
      "y": 0
    },
    "originalSize": {
      "width": 878,
      "height": 504
    },
    "rotated": false,
    "capInsets": [
      0,
      0,
      0,
      0
    ],
    "vertices": {
      "rawPosition": [
        -437,
        -250,
        0,
        437,
        -250,
        0,
        -437,
        250,
        0,
        437,
        250,
        0
      ],
      "indexes": [
        0,
        1,
        2,
        2,
        1,
        3
      ],
      "uv": [
        2,
        502,
        876,
        502,
        2,
        2,
        876,
        2
      ],
      "nuv": [
        0.002277904328018223,
        0.003968253968253968,
        0.9977220956719818,
        0.003968253968253968,
        0.002277904328018223,
        0.996031746031746,
        0.9977220956719818,
        0.996031746031746
      ],
      "minPos": {
        "x": -437,
        "y": -250,
        "z": 0
      },
      "maxPos": {
        "x": 437,
        "y": 250,
        "z": 0
      }
    },
    "texture": "48c2b913-e855-498f-9410-c834b4e6d3ce@6c48a",
    "packable": true,
    "pixelsToUnit": 100,
    "pivot": {
      "x": 0.5,
      "y": 0.5
    },
    "meshType": 0
  }
}