{
  "__type__": "cc.SpriteFrame",
  "content": {
    "name": "skeleton-Fx3_2",
    "atlas": "",
    "rect": {
      "x": 90,
      "y": 83,
      "width": 43,
      "height": 37
    },
    "offset": {
      "x": -4.5,
      "y": 1
    },
    "originalSize": {
      "width": 232,
      "height": 205
    },
    "rotated": false,
    "capInsets": [
      0,
      0,
      0,
      0
    ],
    "vertices": {
      "rawPosition": [
        -21.5,
        -18.5,
        0,
        21.5,
        -18.5,
        0,
        -21.5,
        18.5,
        0,
        21.5,
        18.5,
        0
      ],
      "indexes": [
        0,
        1,
        2,
        2,
        1,
        3
      ],
      "uv": [
        90,
        122,
        133,
        122,
        90,
        85,
        133,
        85
      ],
      "nuv": [
        0.3879310344827586,
        0.4146341463414634,
        0.5732758620689655,
        0.4146341463414634,
        0.3879310344827586,
        0.5951219512195122,
        0.5732758620689655,
        0.5951219512195122
      ],
      "minPos": {
        "x": -21.5,
        "y": -18.5,
        "z": 0
      },
      "maxPos": {
        "x": 21.5,
        "y": 18.5,
        "z": 0
      }
    },
    "texture": "3f2808f1-6554-40b6-8f0c-e47f77eabec3@6c48a",
    "packable": true,
    "pixelsToUnit": 100,
    "pivot": {
      "x": 0.5,
      "y": 0.5
    },
    "meshType": 0
  }
}