{
  "__type__": "cc.SpriteFrame",
  "content": {
    "name": "Sm06",
    "atlas": "",
    "rect": {
      "x": 0,
      "y": 0,
      "width": 196,
      "height": 183
    },
    "offset": {
      "x": 0,
      "y": 0.5
    },
    "originalSize": {
      "width": 196,
      "height": 184
    },
    "rotated": false,
    "capInsets": [
      0,
      0,
      0,
      0
    ],
    "vertices": {
      "rawPosition": [
        -98,
        -91.5,
        0,
        98,
        -91.5,
        0,
        -98,
        91.5,
        0,
        98,
        91.5,
        0
      ],
      "indexes": [
        0,
        1,
        2,
        2,
        1,
        3
      ],
      "uv": [
        0,
        184,
        196,
        184,
        0,
        1,
        196,
        1
      ],
      "nuv": [
        0,
        0.005434782608695652,
        1,
        0.005434782608695652,
        0,
        1,
        1,
        1
      ],
      "minPos": {
        "x": -98,
        "y": -91.5,
        "z": 0
      },
      "maxPos": {
        "x": 98,
        "y": 91.5,
        "z": 0
      }
    },
    "texture": "6bcd34bf-73cb-4e01-9d3e-b7cfb267cfd8@6c48a",
    "packable": true,
    "pixelsToUnit": 100,
    "pivot": {
      "x": 0.5,
      "y": 0.5
    },
    "meshType": 0
  }
}