{
  "__type__": "cc.SpriteFrame",
  "content": {
    "name": "skeleton-Fx3_13",
    "atlas": "",
    "rect": {
      "x": 35,
      "y": 30,
      "width": 156,
      "height": 144
    },
    "offset": {
      "x": -3,
      "y": 0.5
    },
    "originalSize": {
      "width": 232,
      "height": 205
    },
    "rotated": false,
    "capInsets": [
      0,
      0,
      0,
      0
    ],
    "vertices": {
      "rawPosition": [
        -78,
        -72,
        0,
        78,
        -72,
        0,
        -78,
        72,
        0,
        78,
        72,
        0
      ],
      "indexes": [
        0,
        1,
        2,
        2,
        1,
        3
      ],
      "uv": [
        35,
        175,
        191,
        175,
        35,
        31,
        191,
        31
      ],
      "nuv": [
        0.15086206896551724,
        0.15121951219512195,
        0.8232758620689655,
        0.15121951219512195,
        0.15086206896551724,
        0.8536585365853658,
        0.8232758620689655,
        0.8536585365853658
      ],
      "minPos": {
        "x": -78,
        "y": -72,
        "z": 0
      },
      "maxPos": {
        "x": 78,
        "y": 72,
        "z": 0
      }
    },
    "texture": "459abd63-4035-415c-8eab-68db23839a26@6c48a",
    "packable": true,
    "pixelsToUnit": 100,
    "pivot": {
      "x": 0.5,
      "y": 0.5
    },
    "meshType": 0
  }
}