{
  "__type__": "cc.SpriteFrame",
  "content": {
    "name": "Hand-B2",
    "atlas": "",
    "rect": {
      "x": 0,
      "y": 0,
      "width": 208,
      "height": 76
    },
    "offset": {
      "x": -0.5,
      "y": 0
    },
    "originalSize": {
      "width": 209,
      "height": 76
    },
    "rotated": false,
    "capInsets": [
      0,
      0,
      0,
      0
    ],
    "vertices": {
      "rawPosition": [
        -104,
        -38,
        0,
        104,
        -38,
        0,
        -104,
        38,
        0,
        104,
        38,
        0
      ],
      "indexes": [
        0,
        1,
        2,
        2,
        1,
        3
      ],
      "uv": [
        0,
        76,
        208,
        76,
        0,
        0,
        208,
        0
      ],
      "nuv": [
        0,
        0,
        0.9952153110047847,
        0,
        0,
        1,
        0.9952153110047847,
        1
      ],
      "minPos": {
        "x": -104,
        "y": -38,
        "z": 0
      },
      "maxPos": {
        "x": 104,
        "y": 38,
        "z": 0
      }
    },
    "texture": "801baf49-790d-4529-9207-915f0ff406cf@6c48a",
    "packable": true,
    "pixelsToUnit": 100,
    "pivot": {
      "x": 0.5,
      "y": 0.5
    },
    "meshType": 0
  }
}