{
  "__type__": "cc.SpriteFrame",
  "content": {
    "name": "Head-2",
    "atlas": "",
    "rect": {
      "x": 15,
      "y": 0,
      "width": 92,
      "height": 105
    },
    "offset": {
      "x": 3.5,
      "y": 7
    },
    "originalSize": {
      "width": 115,
      "height": 119
    },
    "rotated": false,
    "capInsets": [
      0,
      0,
      0,
      0
    ],
    "vertices": {
      "rawPosition": [
        -46,
        -52.5,
        0,
        46,
        -52.5,
        0,
        -46,
        52.5,
        0,
        46,
        52.5,
        0
      ],
      "indexes": [
        0,
        1,
        2,
        2,
        1,
        3
      ],
      "uv": [
        15,
        119,
        107,
        119,
        15,
        14,
        107,
        14
      ],
      "nuv": [
        0.13043478260869565,
        0.11764705882352941,
        0.9304347826086956,
        0.11764705882352941,
        0.13043478260869565,
        1,
        0.9304347826086956,
        1
      ],
      "minPos": {
        "x": -46,
        "y": -52.5,
        "z": 0
      },
      "maxPos": {
        "x": 46,
        "y": 52.5,
        "z": 0
      }
    },
    "texture": "d75f4835-4aff-46a1-95ad-b907d271cc1e@6c48a",
    "packable": true,
    "pixelsToUnit": 100,
    "pivot": {
      "x": 0.5,
      "y": 0.5
    },
    "meshType": 0
  }
}