{
  "__type__": "cc.SpriteFrame",
  "content": {
    "name": "Layer02",
    "atlas": "",
    "rect": {
      "x": 0,
      "y": 0,
      "width": 1773,
      "height": 179
    },
    "offset": {
      "x": -1,
      "y": 0
    },
    "originalSize": {
      "width": 1775,
      "height": 179
    },
    "rotated": false,
    "capInsets": [
      0,
      0,
      0,
      0
    ],
    "vertices": {
      "rawPosition": [
        -886.5,
        -89.5,
        0,
        886.5,
        -89.5,
        0,
        -886.5,
        89.5,
        0,
        886.5,
        89.5,
        0
      ],
      "indexes": [
        0,
        1,
        2,
        2,
        1,
        3
      ],
      "uv": [
        0,
        179,
        1773,
        179,
        0,
        0,
        1773,
        0
      ],
      "nuv": [
        0,
        0,
        0.9988732394366198,
        0,
        0,
        1,
        0.9988732394366198,
        1
      ],
      "minPos": {
        "x": -886.5,
        "y": -89.5,
        "z": 0
      },
      "maxPos": {
        "x": 886.5,
        "y": 89.5,
        "z": 0
      }
    },
    "texture": "a9e041f9-786d-46d0-bfaf-838fda701d25@6c48a",
    "packable": true,
    "pixelsToUnit": 100,
    "pivot": {
      "x": 0.5,
      "y": 0.5
    },
    "meshType": 0
  }
}