{
  "__type__": "cc.SpriteFrame",
  "content": {
    "name": "skeleton-Fx1_7",
    "atlas": "",
    "rect": {
      "x": 18,
      "y": 20,
      "width": 114,
      "height": 114
    },
    "offset": {
      "x": -1.5,
      "y": -0.5
    },
    "originalSize": {
      "width": 153,
      "height": 153
    },
    "rotated": false,
    "capInsets": [
      0,
      0,
      0,
      0
    ],
    "vertices": {
      "rawPosition": [
        -57,
        -57,
        0,
        57,
        -57,
        0,
        -57,
        57,
        0,
        57,
        57,
        0
      ],
      "indexes": [
        0,
        1,
        2,
        2,
        1,
        3
      ],
      "uv": [
        18,
        133,
        132,
        133,
        18,
        19,
        132,
        19
      ],
      "nuv": [
        0.11764705882352941,
        0.12418300653594772,
        0.8627450980392157,
        0.12418300653594772,
        0.11764705882352941,
        0.869281045751634,
        0.8627450980392157,
        0.869281045751634
      ],
      "minPos": {
        "x": -57,
        "y": -57,
        "z": 0
      },
      "maxPos": {
        "x": 57,
        "y": 57,
        "z": 0
      }
    },
    "texture": "fd58f871-9800-4bd2-ba6a-2475f71d00fc@6c48a",
    "packable": true,
    "pixelsToUnit": 100,
    "pivot": {
      "x": 0.5,
      "y": 0.5
    },
    "meshType": 0
  }
}