{
  "__type__": "cc.SpriteFrame",
  "content": {
    "name": "skeleton-Fx1_6",
    "atlas": "",
    "rect": {
      "x": 25,
      "y": 27,
      "width": 101,
      "height": 101
    },
    "offset": {
      "x": -1,
      "y": -1
    },
    "originalSize": {
      "width": 153,
      "height": 153
    },
    "rotated": false,
    "capInsets": [
      0,
      0,
      0,
      0
    ],
    "vertices": {
      "rawPosition": [
        -50.5,
        -50.5,
        0,
        50.5,
        -50.5,
        0,
        -50.5,
        50.5,
        0,
        50.5,
        50.5,
        0
      ],
      "indexes": [
        0,
        1,
        2,
        2,
        1,
        3
      ],
      "uv": [
        25,
        126,
        126,
        126,
        25,
        25,
        126,
        25
      ],
      "nuv": [
        0.16339869281045752,
        0.16339869281045752,
        0.8235294117647058,
        0.16339869281045752,
        0.16339869281045752,
        0.8235294117647058,
        0.8235294117647058,
        0.8235294117647058
      ],
      "minPos": {
        "x": -50.5,
        "y": -50.5,
        "z": 0
      },
      "maxPos": {
        "x": 50.5,
        "y": 50.5,
        "z": 0
      }
    },
    "texture": "fd905f67-73d0-4ae4-a7b9-f73b83861d0a@6c48a",
    "packable": true,
    "pixelsToUnit": 100,
    "pivot": {
      "x": 0.5,
      "y": 0.5
    },
    "meshType": 0
  }
}