{
  "__type__": "cc.SpriteFrame",
  "content": {
    "name": "skeleton-Fx1_2",
    "atlas": "",
    "rect": {
      "x": 47,
      "y": 50,
      "width": 55,
      "height": 55
    },
    "offset": {
      "x": -2,
      "y": -1
    },
    "originalSize": {
      "width": 153,
      "height": 153
    },
    "rotated": false,
    "capInsets": [
      0,
      0,
      0,
      0
    ],
    "vertices": {
      "rawPosition": [
        -27.5,
        -27.5,
        0,
        27.5,
        -27.5,
        0,
        -27.5,
        27.5,
        0,
        27.5,
        27.5,
        0
      ],
      "indexes": [
        0,
        1,
        2,
        2,
        1,
        3
      ],
      "uv": [
        47,
        103,
        102,
        103,
        47,
        48,
        102,
        48
      ],
      "nuv": [
        0.30718954248366015,
        0.3137254901960784,
        0.6666666666666666,
        0.3137254901960784,
        0.30718954248366015,
        0.673202614379085,
        0.6666666666666666,
        0.673202614379085
      ],
      "minPos": {
        "x": -27.5,
        "y": -27.5,
        "z": 0
      },
      "maxPos": {
        "x": 27.5,
        "y": 27.5,
        "z": 0
      }
    },
    "texture": "740fd5a1-6c87-4b9a-9532-11ca56f277d9@6c48a",
    "packable": true,
    "pixelsToUnit": 100,
    "pivot": {
      "x": 0.5,
      "y": 0.5
    },
    "meshType": 0
  }
}