{
  "__type__": "cc.SpriteFrame",
  "content": {
    "name": "skeleton",
    "atlas": "",
    "rect": {
      "x": 2,
      "y": 2,
      "width": 721,
      "height": 503
    },
    "offset": {
      "x": 0,
      "y": 0
    },
    "originalSize": {
      "width": 725,
      "height": 507
    },
    "rotated": false,
    "capInsets": [
      0,
      0,
      0,
      0
    ],
    "vertices": {
      "rawPosition": [
        -360.5,
        -251.5,
        0,
        360.5,
        -251.5,
        0,
        -360.5,
        251.5,
        0,
        360.5,
        251.5,
        0
      ],
      "indexes": [
        0,
        1,
        2,
        2,
        1,
        3
      ],
      "uv": [
        2,
        505,
        723,
        505,
        2,
        2,
        723,
        2
      ],
      "nuv": [
        0.002758620689655172,
        0.0039447731755424065,
        0.9972413793103448,
        0.0039447731755424065,
        0.002758620689655172,
        0.9960552268244576,
        0.9972413793103448,
        0.9960552268244576
      ],
      "minPos": {
        "x": -360.5,
        "y": -251.5,
        "z": 0
      },
      "maxPos": {
        "x": 360.5,
        "y": 251.5,
        "z": 0
      }
    },
    "texture": "11849cf1-6f2f-4aa8-88bb-49edafdf745a@6c48a",
    "packable": true,
    "pixelsToUnit": 100,
    "pivot": {
      "x": 0.5,
      "y": 0.5
    },
    "meshType": 0
  }
}