{
  "__type__": "cc.SpriteFrame",
  "content": {
    "name": "skeleton-Fx3_15",
    "atlas": "",
    "rect": {
      "x": 16,
      "y": 14,
      "width": 197,
      "height": 177
    },
    "offset": {
      "x": -1.5,
      "y": 0
    },
    "originalSize": {
      "width": 232,
      "height": 205
    },
    "rotated": false,
    "capInsets": [
      0,
      0,
      0,
      0
    ],
    "vertices": {
      "rawPosition": [
        -98.5,
        -88.5,
        0,
        98.5,
        -88.5,
        0,
        -98.5,
        88.5,
        0,
        98.5,
        88.5,
        0
      ],
      "indexes": [
        0,
        1,
        2,
        2,
        1,
        3
      ],
      "uv": [
        16,
        191,
        213,
        191,
        16,
        14,
        213,
        14
      ],
      "nuv": [
        0.06896551724137931,
        0.06829268292682927,
        0.9181034482758621,
        0.06829268292682927,
        0.06896551724137931,
        0.9317073170731708,
        0.9181034482758621,
        0.9317073170731708
      ],
      "minPos": {
        "x": -98.5,
        "y": -88.5,
        "z": 0
      },
      "maxPos": {
        "x": 98.5,
        "y": 88.5,
        "z": 0
      }
    },
    "texture": "422e6e93-4038-4964-bf86-5e07ef70a6a8@6c48a",
    "packable": true,
    "pixelsToUnit": 100,
    "pivot": {
      "x": 0.5,
      "y": 0.5
    },
    "meshType": 0
  }
}