{
  "__type__": "cc.SpriteFrame",
  "content": {
    "name": "Sm10",
    "atlas": "",
    "rect": {
      "x": 18,
      "y": 18,
      "width": 247,
      "height": 247
    },
    "offset": {
      "x": 0,
      "y": 0
    },
    "originalSize": {
      "width": 283,
      "height": 283
    },
    "rotated": false,
    "capInsets": [
      0,
      0,
      0,
      0
    ],
    "vertices": {
      "rawPosition": [
        -123.5,
        -123.5,
        0,
        123.5,
        -123.5,
        0,
        -123.5,
        123.5,
        0,
        123.5,
        123.5,
        0
      ],
      "indexes": [
        0,
        1,
        2,
        2,
        1,
        3
      ],
      "uv": [
        18,
        265,
        265,
        265,
        18,
        18,
        265,
        18
      ],
      "nuv": [
        0.0636042402826855,
        0.0636042402826855,
        0.9363957597173145,
        0.0636042402826855,
        0.0636042402826855,
        0.9363957597173145,
        0.9363957597173145,
        0.9363957597173145
      ],
      "minPos": {
        "x": -123.5,
        "y": -123.5,
        "z": 0
      },
      "maxPos": {
        "x": 123.5,
        "y": 123.5,
        "z": 0
      }
    },
    "texture": "42bc1e53-4db3-47d5-b123-8801801cc58d@6c48a",
    "packable": true,
    "pixelsToUnit": 100,
    "pivot": {
      "x": 0.5,
      "y": 0.5
    },
    "meshType": 0
  }
}