{
  "__type__": "cc.SpriteFrame",
  "content": {
    "name": "Hand-B",
    "atlas": "",
    "rect": {
      "x": 0,
      "y": 0,
      "width": 102,
      "height": 85
    },
    "offset": {
      "x": -0.5,
      "y": 0
    },
    "originalSize": {
      "width": 103,
      "height": 85
    },
    "rotated": false,
    "capInsets": [
      0,
      0,
      0,
      0
    ],
    "vertices": {
      "rawPosition": [
        -51,
        -42.5,
        0,
        51,
        -42.5,
        0,
        -51,
        42.5,
        0,
        51,
        42.5,
        0
      ],
      "indexes": [
        0,
        1,
        2,
        2,
        1,
        3
      ],
      "uv": [
        0,
        85,
        102,
        85,
        0,
        0,
        102,
        0
      ],
      "nuv": [
        0,
        0,
        0.9902912621359223,
        0,
        0,
        1,
        0.9902912621359223,
        1
      ],
      "minPos": {
        "x": -51,
        "y": -42.5,
        "z": 0
      },
      "maxPos": {
        "x": 51,
        "y": 42.5,
        "z": 0
      }
    },
    "texture": "d9e84451-fc53-42bc-9b98-78139f385308@6c48a",
    "packable": true,
    "pixelsToUnit": 100,
    "pivot": {
      "x": 0.5,
      "y": 0.5
    },
    "meshType": 0
  }
}