{
  "__type__": "cc.SpriteFrame",
  "content": {
    "name": "skeleton-Fx3_1",
    "atlas": "",
    "rect": {
      "x": 93,
      "y": 86,
      "width": 37,
      "height": 32
    },
    "offset": {
      "x": -4.5,
      "y": 0.5
    },
    "originalSize": {
      "width": 232,
      "height": 205
    },
    "rotated": false,
    "capInsets": [
      0,
      0,
      0,
      0
    ],
    "vertices": {
      "rawPosition": [
        -18.5,
        -16,
        0,
        18.5,
        -16,
        0,
        -18.5,
        16,
        0,
        18.5,
        16,
        0
      ],
      "indexes": [
        0,
        1,
        2,
        2,
        1,
        3
      ],
      "uv": [
        93,
        119,
        130,
        119,
        93,
        87,
        130,
        87
      ],
      "nuv": [
        0.40086206896551724,
        0.424390243902439,
        0.5603448275862069,
        0.424390243902439,
        0.40086206896551724,
        0.5804878048780487,
        0.5603448275862069,
        0.5804878048780487
      ],
      "minPos": {
        "x": -18.5,
        "y": -16,
        "z": 0
      },
      "maxPos": {
        "x": 18.5,
        "y": 16,
        "z": 0
      }
    },
    "texture": "de108dce-b5bd-4725-b028-52d5c0d66e1d@6c48a",
    "packable": true,
    "pixelsToUnit": 100,
    "pivot": {
      "x": 0.5,
      "y": 0.5
    },
    "meshType": 0
  }
}