{
  "__type__": "cc.SpriteFrame",
  "content": {
    "name": "skeleton",
    "atlas": "",
    "rect": {
      "x": 2,
      "y": 2,
      "width": 784,
      "height": 500
    },
    "offset": {
      "x": 0,
      "y": 0
    },
    "originalSize": {
      "width": 788,
      "height": 504
    },
    "rotated": false,
    "capInsets": [
      0,
      0,
      0,
      0
    ],
    "vertices": {
      "rawPosition": [
        -392,
        -250,
        0,
        392,
        -250,
        0,
        -392,
        250,
        0,
        392,
        250,
        0
      ],
      "indexes": [
        0,
        1,
        2,
        2,
        1,
        3
      ],
      "uv": [
        2,
        502,
        786,
        502,
        2,
        2,
        786,
        2
      ],
      "nuv": [
        0.0025380710659898475,
        0.003968253968253968,
        0.9974619289340102,
        0.003968253968253968,
        0.0025380710659898475,
        0.996031746031746,
        0.9974619289340102,
        0.996031746031746
      ],
      "minPos": {
        "x": -392,
        "y": -250,
        "z": 0
      },
      "maxPos": {
        "x": 392,
        "y": 250,
        "z": 0
      }
    },
    "texture": "095e4bb8-023e-471f-a464-f19266241c93@6c48a",
    "packable": true,
    "pixelsToUnit": 100,
    "pivot": {
      "x": 0.5,
      "y": 0.5
    },
    "meshType": 0
  }
}