{
  "__type__": "cc.SpriteFrame",
  "content": {
    "name": "Body",
    "atlas": "",
    "rect": {
      "x": 0,
      "y": 0,
      "width": 55,
      "height": 67
    },
    "offset": {
      "x": 0,
      "y": 0.5
    },
    "originalSize": {
      "width": 55,
      "height": 68
    },
    "rotated": false,
    "capInsets": [
      0,
      0,
      0,
      0
    ],
    "vertices": {
      "rawPosition": [
        -27.5,
        -33.5,
        0,
        27.5,
        -33.5,
        0,
        -27.5,
        33.5,
        0,
        27.5,
        33.5,
        0
      ],
      "indexes": [
        0,
        1,
        2,
        2,
        1,
        3
      ],
      "uv": [
        0,
        68,
        55,
        68,
        0,
        1,
        55,
        1
      ],
      "nuv": [
        0,
        0.014705882352941176,
        1,
        0.014705882352941176,
        0,
        1,
        1,
        1
      ],
      "minPos": {
        "x": -27.5,
        "y": -33.5,
        "z": 0
      },
      "maxPos": {
        "x": 27.5,
        "y": 33.5,
        "z": 0
      }
    },
    "texture": "09f4ace6-639d-4056-a673-84c5c9738266@6c48a",
    "packable": true,
    "pixelsToUnit": 100,
    "pivot": {
      "x": 0.5,
      "y": 0.5
    },
    "meshType": 0
  }
}