{
  "__type__": "cc.SpriteFrame",
  "content": {
    "name": "Hand-B1",
    "atlas": "",
    "rect": {
      "x": 0,
      "y": 0,
      "width": 39,
      "height": 71
    },
    "offset": {
      "x": 0,
      "y": 0.5
    },
    "originalSize": {
      "width": 39,
      "height": 72
    },
    "rotated": false,
    "capInsets": [
      0,
      0,
      0,
      0
    ],
    "vertices": {
      "rawPosition": [
        -19.5,
        -35.5,
        0,
        19.5,
        -35.5,
        0,
        -19.5,
        35.5,
        0,
        19.5,
        35.5,
        0
      ],
      "indexes": [
        0,
        1,
        2,
        2,
        1,
        3
      ],
      "uv": [
        0,
        72,
        39,
        72,
        0,
        1,
        39,
        1
      ],
      "nuv": [
        0,
        0.013888888888888888,
        1,
        0.013888888888888888,
        0,
        1,
        1,
        1
      ],
      "minPos": {
        "x": -19.5,
        "y": -35.5,
        "z": 0
      },
      "maxPos": {
        "x": 19.5,
        "y": 35.5,
        "z": 0
      }
    },
    "texture": "72e38814-2d8b-44bf-8aa6-4d1106389e57@6c48a",
    "packable": true,
    "pixelsToUnit": 100,
    "pivot": {
      "x": 0.5,
      "y": 0.5
    },
    "meshType": 0
  }
}