{
  "__type__": "cc.SpriteFrame",
  "content": {
    "name": "skeleton-Fx2_6",
    "atlas": "",
    "rect": {
      "x": 38,
      "y": 36,
      "width": 130,
      "height": 106
    },
    "offset": {
      "x": 3.5,
      "y": 3.5
    },
    "originalSize": {
      "width": 199,
      "height": 185
    },
    "rotated": false,
    "capInsets": [
      0,
      0,
      0,
      0
    ],
    "vertices": {
      "rawPosition": [
        -65,
        -53,
        0,
        65,
        -53,
        0,
        -65,
        53,
        0,
        65,
        53,
        0
      ],
      "indexes": [
        0,
        1,
        2,
        2,
        1,
        3
      ],
      "uv": [
        38,
        149,
        168,
        149,
        38,
        43,
        168,
        43
      ],
      "nuv": [
        0.19095477386934673,
        0.23243243243243245,
        0.8442211055276382,
        0.23243243243243245,
        0.19095477386934673,
        0.8054054054054054,
        0.8442211055276382,
        0.8054054054054054
      ],
      "minPos": {
        "x": -65,
        "y": -53,
        "z": 0
      },
      "maxPos": {
        "x": 65,
        "y": 53,
        "z": 0
      }
    },
    "texture": "4111c24b-6d5a-466a-81cc-7ae287bc6b1d@6c48a",
    "packable": true,
    "pixelsToUnit": 100,
    "pivot": {
      "x": 0.5,
      "y": 0.5
    },
    "meshType": 0
  }
}