{
  "__type__": "cc.SpriteFrame",
  "content": {
    "name": "skeleton-Fx2_0",
    "atlas": "",
    "rect": {
      "x": 85,
      "y": 77,
      "width": 34,
      "height": 29
    },
    "offset": {
      "x": 2.5,
      "y": 1
    },
    "originalSize": {
      "width": 199,
      "height": 185
    },
    "rotated": false,
    "capInsets": [
      0,
      0,
      0,
      0
    ],
    "vertices": {
      "rawPosition": [
        -17,
        -14.5,
        0,
        17,
        -14.5,
        0,
        -17,
        14.5,
        0,
        17,
        14.5,
        0
      ],
      "indexes": [
        0,
        1,
        2,
        2,
        1,
        3
      ],
      "uv": [
        85,
        108,
        119,
        108,
        85,
        79,
        119,
        79
      ],
      "nuv": [
        0.4271356783919598,
        0.42702702702702705,
        0.5979899497487438,
        0.42702702702702705,
        0.4271356783919598,
        0.5837837837837838,
        0.5979899497487438,
        0.5837837837837838
      ],
      "minPos": {
        "x": -17,
        "y": -14.5,
        "z": 0
      },
      "maxPos": {
        "x": 17,
        "y": 14.5,
        "z": 0
      }
    },
    "texture": "419ebf29-d841-4f78-9105-25a3a744a267@6c48a",
    "packable": true,
    "pixelsToUnit": 100,
    "pivot": {
      "x": 0.5,
      "y": 0.5
    },
    "meshType": 0
  }
}