{
  "__type__": "cc.SpriteFrame",
  "content": {
    "name": "Layer03",
    "atlas": "",
    "rect": {
      "x": 0,
      "y": 0,
      "width": 1774,
      "height": 349
    },
    "offset": {
      "x": -0.5,
      "y": 0
    },
    "originalSize": {
      "width": 1775,
      "height": 349
    },
    "rotated": false,
    "capInsets": [
      0,
      0,
      0,
      0
    ],
    "vertices": {
      "rawPosition": [
        -887,
        -174.5,
        0,
        887,
        -174.5,
        0,
        -887,
        174.5,
        0,
        887,
        174.5,
        0
      ],
      "indexes": [
        0,
        1,
        2,
        2,
        1,
        3
      ],
      "uv": [
        0,
        349,
        1774,
        349,
        0,
        0,
        1774,
        0
      ],
      "nuv": [
        0,
        0,
        0.9994366197183099,
        0,
        0,
        1,
        0.9994366197183099,
        1
      ],
      "minPos": {
        "x": -887,
        "y": -174.5,
        "z": 0
      },
      "maxPos": {
        "x": 887,
        "y": 174.5,
        "z": 0
      }
    },
    "texture": "5d4755cb-4be3-4e0e-9393-b31f7bc6c101@6c48a",
    "packable": true,
    "pixelsToUnit": 100,
    "pivot": {
      "x": 0.5,
      "y": 0.5
    },
    "meshType": 0
  }
}