{
  "__type__": "cc.SpriteFrame",
  "content": {
    "name": "skeleton-Fx2_11",
    "atlas": "",
    "rect": {
      "x": 13,
      "y": 8,
      "width": 185,
      "height": 167
    },
    "offset": {
      "x": 6,
      "y": 1
    },
    "originalSize": {
      "width": 199,
      "height": 185
    },
    "rotated": false,
    "capInsets": [
      0,
      0,
      0,
      0
    ],
    "vertices": {
      "rawPosition": [
        -92.5,
        -83.5,
        0,
        92.5,
        -83.5,
        0,
        -92.5,
        83.5,
        0,
        92.5,
        83.5,
        0
      ],
      "indexes": [
        0,
        1,
        2,
        2,
        1,
        3
      ],
      "uv": [
        13,
        177,
        198,
        177,
        13,
        10,
        198,
        10
      ],
      "nuv": [
        0.06532663316582915,
        0.05405405405405406,
        0.9949748743718593,
        0.05405405405405406,
        0.06532663316582915,
        0.9567567567567568,
        0.9949748743718593,
        0.9567567567567568
      ],
      "minPos": {
        "x": -92.5,
        "y": -83.5,
        "z": 0
      },
      "maxPos": {
        "x": 92.5,
        "y": 83.5,
        "z": 0
      }
    },
    "texture": "5d9a35cc-b994-4348-aefa-37366208bfb7@6c48a",
    "packable": true,
    "pixelsToUnit": 100,
    "pivot": {
      "x": 0.5,
      "y": 0.5
    },
    "meshType": 0
  }
}