{
  "__type__": "cc.SpriteFrame",
  "content": {
    "name": "skeleton",
    "atlas": "",
    "rect": {
      "x": 2,
      "y": 2,
      "width": 677,
      "height": 502
    },
    "offset": {
      "x": 0,
      "y": 0
    },
    "originalSize": {
      "width": 681,
      "height": 506
    },
    "rotated": false,
    "capInsets": [
      0,
      0,
      0,
      0
    ],
    "vertices": {
      "rawPosition": [
        -338.5,
        -251,
        0,
        338.5,
        -251,
        0,
        -338.5,
        251,
        0,
        338.5,
        251,
        0
      ],
      "indexes": [
        0,
        1,
        2,
        2,
        1,
        3
      ],
      "uv": [
        2,
        504,
        679,
        504,
        2,
        2,
        679,
        2
      ],
      "nuv": [
        0.002936857562408223,
        0.003952569169960474,
        0.9970631424375918,
        0.003952569169960474,
        0.002936857562408223,
        0.9960474308300395,
        0.9970631424375918,
        0.9960474308300395
      ],
      "minPos": {
        "x": -338.5,
        "y": -251,
        "z": 0
      },
      "maxPos": {
        "x": 338.5,
        "y": 251,
        "z": 0
      }
    },
    "texture": "ee900846-7436-4d90-abd1-46ddd2f7d514@6c48a",
    "packable": true,
    "pixelsToUnit": 100,
    "pivot": {
      "x": 0.5,
      "y": 0.5
    },
    "meshType": 0
  }
}