{
  "__type__": "cc.SpriteFrame",
  "content": {
    "name": "Special_Deal_box",
    "atlas": "",
    "rect": {
      "x": 24,
      "y": 0,
      "width": 452,
      "height": 606
    },
    "offset": {
      "x": 0.5,
      "y": 0
    },
    "originalSize": {
      "width": 499,
      "height": 606
    },
    "rotated": false,
    "capInsets": [
      0,
      0,
      0,
      0
    ],
    "vertices": {
      "rawPosition": [
        -226,
        -303,
        0,
        226,
        -303,
        0,
        -226,
        303,
        0,
        226,
        303,
        0
      ],
      "indexes": [
        0,
        1,
        2,
        2,
        1,
        3
      ],
      "uv": [
        24,
        606,
        476,
        606,
        24,
        0,
        476,
        0
      ],
      "nuv": [
        0.04809619238476954,
        0,
        0.9539078156312625,
        0,
        0.04809619238476954,
        1,
        0.9539078156312625,
        1
      ],
      "minPos": {
        "x": -226,
        "y": -303,
        "z": 0
      },
      "maxPos": {
        "x": 226,
        "y": 303,
        "z": 0
      }
    },
    "texture": "c4390066-c4d1-4aa6-8603-fdf18d0b0e6f@6c48a",
    "packable": true,
    "pixelsToUnit": 100,
    "pivot": {
      "x": 0.5,
      "y": 0.5
    },
    "meshType": 0
  }
}