{
  "__type__": "cc.SpriteFrame",
  "content": {
    "name": "skeleton",
    "atlas": "",
    "rect": {
      "x": 2,
      "y": 2,
      "width": 671,
      "height": 500
    },
    "offset": {
      "x": 0,
      "y": 0
    },
    "originalSize": {
      "width": 675,
      "height": 504
    },
    "rotated": false,
    "capInsets": [
      0,
      0,
      0,
      0
    ],
    "vertices": {
      "rawPosition": [
        -335.5,
        -250,
        0,
        335.5,
        -250,
        0,
        -335.5,
        250,
        0,
        335.5,
        250,
        0
      ],
      "indexes": [
        0,
        1,
        2,
        2,
        1,
        3
      ],
      "uv": [
        2,
        502,
        673,
        502,
        2,
        2,
        673,
        2
      ],
      "nuv": [
        0.002962962962962963,
        0.003968253968253968,
        0.997037037037037,
        0.003968253968253968,
        0.002962962962962963,
        0.996031746031746,
        0.997037037037037,
        0.996031746031746
      ],
      "minPos": {
        "x": -335.5,
        "y": -250,
        "z": 0
      },
      "maxPos": {
        "x": 335.5,
        "y": 250,
        "z": 0
      }
    },
    "texture": "c161e78d-10ed-4bb2-87a7-08861b75be14@6c48a",
    "packable": true,
    "pixelsToUnit": 100,
    "pivot": {
      "x": 0.5,
      "y": 0.5
    },
    "meshType": 0
  }
}