{
  "__type__": "cc.SpriteFrame",
  "content": {
    "name": "Lvl4_broken2",
    "atlas": "",
    "rect": {
      "x": 0,
      "y": 0,
      "width": 275,
      "height": 268
    },
    "offset": {
      "x": -0.5,
      "y": 0
    },
    "originalSize": {
      "width": 276,
      "height": 268
    },
    "rotated": false,
    "capInsets": [
      0,
      0,
      0,
      0
    ],
    "vertices": {
      "rawPosition": [
        -137.5,
        -134,
        0,
        137.5,
        -134,
        0,
        -137.5,
        134,
        0,
        137.5,
        134,
        0
      ],
      "indexes": [
        0,
        1,
        2,
        2,
        1,
        3
      ],
      "uv": [
        0,
        268,
        275,
        268,
        0,
        0,
        275,
        0
      ],
      "nuv": [
        0,
        0,
        0.9963768115942029,
        0,
        0,
        1,
        0.9963768115942029,
        1
      ],
      "minPos": {
        "x": -137.5,
        "y": -134,
        "z": 0
      },
      "maxPos": {
        "x": 137.5,
        "y": 134,
        "z": 0
      }
    },
    "texture": "8eb2e952-669c-4b57-ba95-82d2d949636c@6c48a",
    "packable": true,
    "pixelsToUnit": 100,
    "pivot": {
      "x": 0.5,
      "y": 0.5
    },
    "meshType": 0
  }
}