{
  "__type__": "cc.SpriteFrame",
  "content": {
    "name": "Lvl4_broken3",
    "atlas": "",
    "rect": {
      "x": 0,
      "y": 0,
      "width": 291,
      "height": 241
    },
    "offset": {
      "x": -0.5,
      "y": 0
    },
    "originalSize": {
      "width": 292,
      "height": 241
    },
    "rotated": false,
    "capInsets": [
      0,
      0,
      0,
      0
    ],
    "vertices": {
      "rawPosition": [
        -145.5,
        -120.5,
        0,
        145.5,
        -120.5,
        0,
        -145.5,
        120.5,
        0,
        145.5,
        120.5,
        0
      ],
      "indexes": [
        0,
        1,
        2,
        2,
        1,
        3
      ],
      "uv": [
        0,
        241,
        291,
        241,
        0,
        0,
        291,
        0
      ],
      "nuv": [
        0,
        0,
        0.9965753424657534,
        0,
        0,
        1,
        0.9965753424657534,
        1
      ],
      "minPos": {
        "x": -145.5,
        "y": -120.5,
        "z": 0
      },
      "maxPos": {
        "x": 145.5,
        "y": 120.5,
        "z": 0
      }
    },
    "texture": "71e7fb72-56ce-4932-a21c-a7246a38bb6a@6c48a",
    "packable": true,
    "pixelsToUnit": 100,
    "pivot": {
      "x": 0.5,
      "y": 0.5
    },
    "meshType": 0
  }
}