{
  "__type__": "cc.SpriteFrame",
  "content": {
    "name": "skeleton-Fx3_7",
    "atlas": "",
    "rect": {
      "x": 77,
      "y": 70,
      "width": 71,
      "height": 61
    },
    "offset": {
      "x": -3.5,
      "y": 2
    },
    "originalSize": {
      "width": 232,
      "height": 205
    },
    "rotated": false,
    "capInsets": [
      0,
      0,
      0,
      0
    ],
    "vertices": {
      "rawPosition": [
        -35.5,
        -30.5,
        0,
        35.5,
        -30.5,
        0,
        -35.5,
        30.5,
        0,
        35.5,
        30.5,
        0
      ],
      "indexes": [
        0,
        1,
        2,
        2,
        1,
        3
      ],
      "uv": [
        77,
        135,
        148,
        135,
        77,
        74,
        148,
        74
      ],
      "nuv": [
        0.33189655172413796,
        0.36097560975609755,
        0.6379310344827587,
        0.36097560975609755,
        0.33189655172413796,
        0.6585365853658537,
        0.6379310344827587,
        0.6585365853658537
      ],
      "minPos": {
        "x": -35.5,
        "y": -30.5,
        "z": 0
      },
      "maxPos": {
        "x": 35.5,
        "y": 30.5,
        "z": 0
      }
    },
    "texture": "822d96f4-3fe8-420d-9a4e-9394b4839e00@6c48a",
    "packable": true,
    "pixelsToUnit": 100,
    "pivot": {
      "x": 0.5,
      "y": 0.5
    },
    "meshType": 0
  }
}