{
  "__type__": "cc.SpriteFrame",
  "content": {
    "name": "Lvl3_broken2",
    "atlas": "",
    "rect": {
      "x": 0,
      "y": 0,
      "width": 263,
      "height": 216
    },
    "offset": {
      "x": -0.5,
      "y": 0
    },
    "originalSize": {
      "width": 264,
      "height": 216
    },
    "rotated": false,
    "capInsets": [
      0,
      0,
      0,
      0
    ],
    "vertices": {
      "rawPosition": [
        -131.5,
        -108,
        0,
        131.5,
        -108,
        0,
        -131.5,
        108,
        0,
        131.5,
        108,
        0
      ],
      "indexes": [
        0,
        1,
        2,
        2,
        1,
        3
      ],
      "uv": [
        0,
        216,
        263,
        216,
        0,
        0,
        263,
        0
      ],
      "nuv": [
        0,
        0,
        0.9962121212121212,
        0,
        0,
        1,
        0.9962121212121212,
        1
      ],
      "minPos": {
        "x": -131.5,
        "y": -108,
        "z": 0
      },
      "maxPos": {
        "x": 131.5,
        "y": 108,
        "z": 0
      }
    },
    "texture": "b2df1650-0049-4df7-a1fd-019381031e58@6c48a",
    "packable": true,
    "pixelsToUnit": 100,
    "pivot": {
      "x": 0.5,
      "y": 0.5
    },
    "meshType": 0
  }
}