{
  "__type__": "cc.SpriteFrame",
  "content": {
    "name": "Cs01",
    "atlas": "",
    "rect": {
      "x": 0,
      "y": 0,
      "width": 112,
      "height": 110
    },
    "offset": {
      "x": 0,
      "y": 0.5
    },
    "originalSize": {
      "width": 112,
      "height": 111
    },
    "rotated": false,
    "capInsets": [
      0,
      0,
      0,
      0
    ],
    "vertices": {
      "rawPosition": [
        -56,
        -55,
        0,
        56,
        -55,
        0,
        -56,
        55,
        0,
        56,
        55,
        0
      ],
      "indexes": [
        0,
        1,
        2,
        2,
        1,
        3
      ],
      "uv": [
        0,
        111,
        112,
        111,
        0,
        1,
        112,
        1
      ],
      "nuv": [
        0,
        0.009009009009009009,
        1,
        0.009009009009009009,
        0,
        1,
        1,
        1
      ],
      "minPos": {
        "x": -56,
        "y": -55,
        "z": 0
      },
      "maxPos": {
        "x": 56,
        "y": 55,
        "z": 0
      }
    },
    "texture": "8f94c354-436e-47d5-81fd-8ae5ce755da0@6c48a",
    "packable": true,
    "pixelsToUnit": 100,
    "pivot": {
      "x": 0.5,
      "y": 0.5
    },
    "meshType": 0
  }
}