{
  "__type__": "cc.SpriteFrame",
  "content": {
    "name": "skeleton-Fx2_4",
    "atlas": "",
    "rect": {
      "x": 59,
      "y": 53,
      "width": 87,
      "height": 76
    },
    "offset": {
      "x": 3,
      "y": 1.5
    },
    "originalSize": {
      "width": 199,
      "height": 185
    },
    "rotated": false,
    "capInsets": [
      0,
      0,
      0,
      0
    ],
    "vertices": {
      "rawPosition": [
        -43.5,
        -38,
        0,
        43.5,
        -38,
        0,
        -43.5,
        38,
        0,
        43.5,
        38,
        0
      ],
      "indexes": [
        0,
        1,
        2,
        2,
        1,
        3
      ],
      "uv": [
        59,
        132,
        146,
        132,
        59,
        56,
        146,
        56
      ],
      "nuv": [
        0.2964824120603015,
        0.3027027027027027,
        0.7336683417085427,
        0.3027027027027027,
        0.2964824120603015,
        0.7135135135135136,
        0.7336683417085427,
        0.7135135135135136
      ],
      "minPos": {
        "x": -43.5,
        "y": -38,
        "z": 0
      },
      "maxPos": {
        "x": 43.5,
        "y": 38,
        "z": 0
      }
    },
    "texture": "ff171090-0a43-4b9a-a4d9-ab3c6a8f21e9@6c48a",
    "packable": true,
    "pixelsToUnit": 100,
    "pivot": {
      "x": 0.5,
      "y": 0.5
    },
    "meshType": 0
  }
}