{
  "__type__": "cc.SpriteFrame",
  "content": {
    "name": "skeleton-Fx1_1",
    "atlas": "",
    "rect": {
      "x": 51,
      "y": 56,
      "width": 46,
      "height": 43
    },
    "offset": {
      "x": -2.5,
      "y": -1
    },
    "originalSize": {
      "width": 153,
      "height": 153
    },
    "rotated": false,
    "capInsets": [
      0,
      0,
      0,
      0
    ],
    "vertices": {
      "rawPosition": [
        -23,
        -21.5,
        0,
        23,
        -21.5,
        0,
        -23,
        21.5,
        0,
        23,
        21.5,
        0
      ],
      "indexes": [
        0,
        1,
        2,
        2,
        1,
        3
      ],
      "uv": [
        51,
        97,
        97,
        97,
        51,
        54,
        97,
        54
      ],
      "nuv": [
        0.3333333333333333,
        0.35294117647058826,
        0.6339869281045751,
        0.35294117647058826,
        0.3333333333333333,
        0.6339869281045751,
        0.6339869281045751,
        0.6339869281045751
      ],
      "minPos": {
        "x": -23,
        "y": -21.5,
        "z": 0
      },
      "maxPos": {
        "x": 23,
        "y": 21.5,
        "z": 0
      }
    },
    "texture": "ffd9c6a3-d572-4ddd-a2b7-ab7d857353e5@6c48a",
    "packable": true,
    "pixelsToUnit": 100,
    "pivot": {
      "x": 0.5,
      "y": 0.5
    },
    "meshType": 0
  }
}