{
  "__type__": "cc.SpriteFrame",
  "content": {
    "name": "skeleton-Fx3_3",
    "atlas": "",
    "rect": {
      "x": 88,
      "y": 81,
      "width": 48,
      "height": 41
    },
    "offset": {
      "x": -4,
      "y": 1
    },
    "originalSize": {
      "width": 232,
      "height": 205
    },
    "rotated": false,
    "capInsets": [
      0,
      0,
      0,
      0
    ],
    "vertices": {
      "rawPosition": [
        -24,
        -20.5,
        0,
        24,
        -20.5,
        0,
        -24,
        20.5,
        0,
        24,
        20.5,
        0
      ],
      "indexes": [
        0,
        1,
        2,
        2,
        1,
        3
      ],
      "uv": [
        88,
        124,
        136,
        124,
        88,
        83,
        136,
        83
      ],
      "nuv": [
        0.3793103448275862,
        0.40487804878048783,
        0.5862068965517241,
        0.40487804878048783,
        0.3793103448275862,
        0.6048780487804878,
        0.5862068965517241,
        0.6048780487804878
      ],
      "minPos": {
        "x": -24,
        "y": -20.5,
        "z": 0
      },
      "maxPos": {
        "x": 24,
        "y": 20.5,
        "z": 0
      }
    },
    "texture": "9e028b0f-9bd2-4129-a0ca-0c91e7a060e3@6c48a",
    "packable": true,
    "pixelsToUnit": 100,
    "pivot": {
      "x": 0.5,
      "y": 0.5
    },
    "meshType": 0
  }
}