{
  "__type__": "cc.SpriteFrame",
  "content": {
    "name": "Lvl2_Broken3",
    "atlas": "",
    "rect": {
      "x": 0,
      "y": 0,
      "width": 257,
      "height": 209
    },
    "offset": {
      "x": -0.5,
      "y": 0
    },
    "originalSize": {
      "width": 258,
      "height": 209
    },
    "rotated": false,
    "capInsets": [
      0,
      0,
      0,
      0
    ],
    "vertices": {
      "rawPosition": [
        -128.5,
        -104.5,
        0,
        128.5,
        -104.5,
        0,
        -128.5,
        104.5,
        0,
        128.5,
        104.5,
        0
      ],
      "indexes": [
        0,
        1,
        2,
        2,
        1,
        3
      ],
      "uv": [
        0,
        209,
        257,
        209,
        0,
        0,
        257,
        0
      ],
      "nuv": [
        0,
        0,
        0.9961240310077519,
        0,
        0,
        1,
        0.9961240310077519,
        1
      ],
      "minPos": {
        "x": -128.5,
        "y": -104.5,
        "z": 0
      },
      "maxPos": {
        "x": 128.5,
        "y": 104.5,
        "z": 0
      }
    },
    "texture": "2b25a98d-848b-4b2b-8a46-88433606cb33@6c48a",
    "packable": true,
    "pixelsToUnit": 100,
    "pivot": {
      "x": 0.5,
      "y": 0.5
    },
    "meshType": 0
  }
}