{
  "__type__": "cc.SpriteFrame",
  "content": {
    "name": "skeleton",
    "atlas": "",
    "rect": {
      "x": 2,
      "y": 2,
      "width": 772,
      "height": 500
    },
    "offset": {
      "x": 0,
      "y": 0
    },
    "originalSize": {
      "width": 776,
      "height": 504
    },
    "rotated": false,
    "capInsets": [
      0,
      0,
      0,
      0
    ],
    "vertices": {
      "rawPosition": [
        -386,
        -250,
        0,
        386,
        -250,
        0,
        -386,
        250,
        0,
        386,
        250,
        0
      ],
      "indexes": [
        0,
        1,
        2,
        2,
        1,
        3
      ],
      "uv": [
        2,
        502,
        774,
        502,
        2,
        2,
        774,
        2
      ],
      "nuv": [
        0.002577319587628866,
        0.003968253968253968,
        0.9974226804123711,
        0.003968253968253968,
        0.002577319587628866,
        0.996031746031746,
        0.9974226804123711,
        0.996031746031746
      ],
      "minPos": {
        "x": -386,
        "y": -250,
        "z": 0
      },
      "maxPos": {
        "x": 386,
        "y": 250,
        "z": 0
      }
    },
    "texture": "ea7e8c8a-e8f6-4aa3-a464-d2505a548b7d@6c48a",
    "packable": true,
    "pixelsToUnit": 100,
    "pivot": {
      "x": 0.5,
      "y": 0.5
    },
    "meshType": 0
  }
}