{
  "__type__": "cc.SpriteFrame",
  "content": {
    "name": "Hand-F",
    "atlas": "",
    "rect": {
      "x": 0,
      "y": 0,
      "width": 92,
      "height": 185
    },
    "offset": {
      "x": 0,
      "y": 0.5
    },
    "originalSize": {
      "width": 92,
      "height": 186
    },
    "rotated": false,
    "capInsets": [
      0,
      0,
      0,
      0
    ],
    "vertices": {
      "rawPosition": [
        -46,
        -92.5,
        0,
        46,
        -92.5,
        0,
        -46,
        92.5,
        0,
        46,
        92.5,
        0
      ],
      "indexes": [
        0,
        1,
        2,
        2,
        1,
        3
      ],
      "uv": [
        0,
        186,
        92,
        186,
        0,
        1,
        92,
        1
      ],
      "nuv": [
        0,
        0.005376344086021506,
        1,
        0.005376344086021506,
        0,
        1,
        1,
        1
      ],
      "minPos": {
        "x": -46,
        "y": -92.5,
        "z": 0
      },
      "maxPos": {
        "x": 46,
        "y": 92.5,
        "z": 0
      }
    },
    "texture": "0543977a-a06e-4672-a24c-02e034ac8754@6c48a",
    "packable": true,
    "pixelsToUnit": 100,
    "pivot": {
      "x": 0.5,
      "y": 0.5
    },
    "meshType": 0
  }
}