{
  "__type__": "cc.SpriteFrame",
  "content": {
    "name": "skeleton-Fx2_9",
    "atlas": "",
    "rect": {
      "x": 10,
      "y": 8,
      "width": 188,
      "height": 157
    },
    "offset": {
      "x": 4.5,
      "y": 6
    },
    "originalSize": {
      "width": 199,
      "height": 185
    },
    "rotated": false,
    "capInsets": [
      0,
      0,
      0,
      0
    ],
    "vertices": {
      "rawPosition": [
        -94,
        -78.5,
        0,
        94,
        -78.5,
        0,
        -94,
        78.5,
        0,
        94,
        78.5,
        0
      ],
      "indexes": [
        0,
        1,
        2,
        2,
        1,
        3
      ],
      "uv": [
        10,
        177,
        198,
        177,
        10,
        20,
        198,
        20
      ],
      "nuv": [
        0.05025125628140704,
        0.10810810810810811,
        0.9949748743718593,
        0.10810810810810811,
        0.05025125628140704,
        0.9567567567567568,
        0.9949748743718593,
        0.9567567567567568
      ],
      "minPos": {
        "x": -94,
        "y": -78.5,
        "z": 0
      },
      "maxPos": {
        "x": 94,
        "y": 78.5,
        "z": 0
      }
    },
    "texture": "0556b801-33e8-400a-adbf-a2da96ac5805@6c48a",
    "packable": true,
    "pixelsToUnit": 100,
    "pivot": {
      "x": 0.5,
      "y": 0.5
    },
    "meshType": 0
  }
}