{
  "__type__": "cc.SpriteFrame",
  "content": {
    "name": "skeleton-Fx3_4",
    "atlas": "",
    "rect": {
      "x": 85,
      "y": 78,
      "width": 54,
      "height": 46
    },
    "offset": {
      "x": -4,
      "y": 1.5
    },
    "originalSize": {
      "width": 232,
      "height": 205
    },
    "rotated": false,
    "capInsets": [
      0,
      0,
      0,
      0
    ],
    "vertices": {
      "rawPosition": [
        -27,
        -23,
        0,
        27,
        -23,
        0,
        -27,
        23,
        0,
        27,
        23,
        0
      ],
      "indexes": [
        0,
        1,
        2,
        2,
        1,
        3
      ],
      "uv": [
        85,
        127,
        139,
        127,
        85,
        81,
        139,
        81
      ],
      "nuv": [
        0.36637931034482757,
        0.3951219512195122,
        0.5991379310344828,
        0.3951219512195122,
        0.36637931034482757,
        0.6195121951219512,
        0.5991379310344828,
        0.6195121951219512
      ],
      "minPos": {
        "x": -27,
        "y": -23,
        "z": 0
      },
      "maxPos": {
        "x": 27,
        "y": 23,
        "z": 0
      }
    },
    "texture": "05ea1b8d-0355-44dd-99ba-c3430d275bef@6c48a",
    "packable": true,
    "pixelsToUnit": 100,
    "pivot": {
      "x": 0.5,
      "y": 0.5
    },
    "meshType": 0
  }
}