{
  "__type__": "cc.SpriteFrame",
  "content": {
    "name": "skeleton",
    "atlas": "",
    "rect": {
      "x": 2,
      "y": 2,
      "width": 870,
      "height": 501
    },
    "offset": {
      "x": 0,
      "y": 0
    },
    "originalSize": {
      "width": 874,
      "height": 505
    },
    "rotated": false,
    "capInsets": [
      0,
      0,
      0,
      0
    ],
    "vertices": {
      "rawPosition": [
        -435,
        -250.5,
        0,
        435,
        -250.5,
        0,
        -435,
        250.5,
        0,
        435,
        250.5,
        0
      ],
      "indexes": [
        0,
        1,
        2,
        2,
        1,
        3
      ],
      "uv": [
        2,
        503,
        872,
        503,
        2,
        2,
        872,
        2
      ],
      "nuv": [
        0.002288329519450801,
        0.0039603960396039604,
        0.9977116704805492,
        0.0039603960396039604,
        0.002288329519450801,
        0.996039603960396,
        0.9977116704805492,
        0.996039603960396
      ],
      "minPos": {
        "x": -435,
        "y": -250.5,
        "z": 0
      },
      "maxPos": {
        "x": 435,
        "y": 250.5,
        "z": 0
      }
    },
    "texture": "6849a2bf-5c9a-46c6-8697-4b837f8a7492@6c48a",
    "packable": true,
    "pixelsToUnit": 100,
    "pivot": {
      "x": 0.5,
      "y": 0.5
    },
    "meshType": 0
  }
}