{
  "__type__": "cc.SpriteFrame",
  "content": {
    "name": "skeleton-Fx3_5",
    "atlas": "",
    "rect": {
      "x": 82,
      "y": 76,
      "width": 60,
      "height": 51
    },
    "offset": {
      "x": -4,
      "y": 1
    },
    "originalSize": {
      "width": 232,
      "height": 205
    },
    "rotated": false,
    "capInsets": [
      0,
      0,
      0,
      0
    ],
    "vertices": {
      "rawPosition": [
        -30,
        -25.5,
        0,
        30,
        -25.5,
        0,
        -30,
        25.5,
        0,
        30,
        25.5,
        0
      ],
      "indexes": [
        0,
        1,
        2,
        2,
        1,
        3
      ],
      "uv": [
        82,
        129,
        142,
        129,
        82,
        78,
        142,
        78
      ],
      "nuv": [
        0.35344827586206895,
        0.3804878048780488,
        0.6120689655172413,
        0.3804878048780488,
        0.35344827586206895,
        0.6292682926829268,
        0.6120689655172413,
        0.6292682926829268
      ],
      "minPos": {
        "x": -30,
        "y": -25.5,
        "z": 0
      },
      "maxPos": {
        "x": 30,
        "y": 25.5,
        "z": 0
      }
    },
    "texture": "ad66b58a-9045-45d6-b9a3-db8732252e5d@6c48a",
    "packable": true,
    "pixelsToUnit": 100,
    "pivot": {
      "x": 0.5,
      "y": 0.5
    },
    "meshType": 0
  }
}