{
  "__type__": "cc.SpriteFrame",
  "content": {
    "name": "skeleton-Fx3_10",
    "atlas": "",
    "rect": {
      "x": 63,
      "y": 59,
      "width": 94,
      "height": 86
    },
    "offset": {
      "x": -6,
      "y": 0.5
    },
    "originalSize": {
      "width": 232,
      "height": 205
    },
    "rotated": false,
    "capInsets": [
      0,
      0,
      0,
      0
    ],
    "vertices": {
      "rawPosition": [
        -47,
        -43,
        0,
        47,
        -43,
        0,
        -47,
        43,
        0,
        47,
        43,
        0
      ],
      "indexes": [
        0,
        1,
        2,
        2,
        1,
        3
      ],
      "uv": [
        63,
        146,
        157,
        146,
        63,
        60,
        157,
        60
      ],
      "nuv": [
        0.27155172413793105,
        0.2926829268292683,
        0.6767241379310345,
        0.2926829268292683,
        0.27155172413793105,
        0.7121951219512195,
        0.6767241379310345,
        0.7121951219512195
      ],
      "minPos": {
        "x": -47,
        "y": -43,
        "z": 0
      },
      "maxPos": {
        "x": 47,
        "y": 43,
        "z": 0
      }
    },
    "texture": "ad97c7fd-481e-461f-8f9c-2d68a0bfec10@6c48a",
    "packable": true,
    "pixelsToUnit": 100,
    "pivot": {
      "x": 0.5,
      "y": 0.5
    },
    "meshType": 0
  }
}