{
  "__type__": "cc.SpriteFrame",
  "content": {
    "name": "skeleton-Fx2_3",
    "atlas": "",
    "rect": {
      "x": 67,
      "y": 59,
      "width": 70,
      "height": 65
    },
    "offset": {
      "x": 2.5,
      "y": 1
    },
    "originalSize": {
      "width": 199,
      "height": 185
    },
    "rotated": false,
    "capInsets": [
      0,
      0,
      0,
      0
    ],
    "vertices": {
      "rawPosition": [
        -35,
        -32.5,
        0,
        35,
        -32.5,
        0,
        -35,
        32.5,
        0,
        35,
        32.5,
        0
      ],
      "indexes": [
        0,
        1,
        2,
        2,
        1,
        3
      ],
      "uv": [
        67,
        126,
        137,
        126,
        67,
        61,
        137,
        61
      ],
      "nuv": [
        0.33668341708542715,
        0.32972972972972975,
        0.6884422110552764,
        0.32972972972972975,
        0.33668341708542715,
        0.6810810810810811,
        0.6884422110552764,
        0.6810810810810811
      ],
      "minPos": {
        "x": -35,
        "y": -32.5,
        "z": 0
      },
      "maxPos": {
        "x": 35,
        "y": 32.5,
        "z": 0
      }
    },
    "texture": "cc13b10e-de06-488d-87a5-a4aa07292e5a@6c48a",
    "packable": true,
    "pixelsToUnit": 100,
    "pivot": {
      "x": 0.5,
      "y": 0.5
    },
    "meshType": 0
  }
}