{
  "__type__": "cc.SpriteFrame",
  "content": {
    "name": "shadow",
    "atlas": "",
    "rect": {
      "x": 1,
      "y": 0,
      "width": 82,
      "height": 17
    },
    "offset": {
      "x": -0.5,
      "y": 0
    },
    "originalSize": {
      "width": 85,
      "height": 17
    },
    "rotated": false,
    "capInsets": [
      0,
      0,
      0,
      0
    ],
    "vertices": {
      "rawPosition": [
        -41,
        -8.5,
        0,
        41,
        -8.5,
        0,
        -41,
        8.5,
        0,
        41,
        8.5,
        0
      ],
      "indexes": [
        0,
        1,
        2,
        2,
        1,
        3
      ],
      "uv": [
        1,
        17,
        83,
        17,
        1,
        0,
        83,
        0
      ],
      "nuv": [
        0.011764705882352941,
        0,
        0.9764705882352941,
        0,
        0.011764705882352941,
        1,
        0.9764705882352941,
        1
      ],
      "minPos": {
        "x": -41,
        "y": -8.5,
        "z": 0
      },
      "maxPos": {
        "x": 41,
        "y": 8.5,
        "z": 0
      }
    },
    "texture": "ccf4ff45-9017-4c01-ade9-ca2b3fb37bd5@6c48a",
    "packable": true,
    "pixelsToUnit": 100,
    "pivot": {
      "x": 0.5,
      "y": 0.5
    },
    "meshType": 0
  }
}