{
  "__type__": "cc.SpriteFrame",
  "content": {
    "name": "Options_box",
    "atlas": "",
    "rect": {
      "x": 0,
      "y": 0,
      "width": 743,
      "height": 463
    },
    "offset": {
      "x": -0.5,
      "y": 0
    },
    "originalSize": {
      "width": 744,
      "height": 463
    },
    "rotated": false,
    "capInsets": [
      0,
      0,
      0,
      0
    ],
    "vertices": {
      "rawPosition": [
        -371.5,
        -231.5,
        0,
        371.5,
        -231.5,
        0,
        -371.5,
        231.5,
        0,
        371.5,
        231.5,
        0
      ],
      "indexes": [
        0,
        1,
        2,
        2,
        1,
        3
      ],
      "uv": [
        0,
        463,
        743,
        463,
        0,
        0,
        743,
        0
      ],
      "nuv": [
        0,
        0,
        0.9986559139784946,
        0,
        0,
        1,
        0.9986559139784946,
        1
      ],
      "minPos": {
        "x": -371.5,
        "y": -231.5,
        "z": 0
      },
      "maxPos": {
        "x": 371.5,
        "y": 231.5,
        "z": 0
      }
    },
    "texture": "2fa073de-cc27-4adb-bf6a-baed4bb82411@6c48a",
    "packable": true,
    "pixelsToUnit": 100,
    "pivot": {
      "x": 0.5,
      "y": 0.5
    },
    "meshType": 0
  }
}