{
  "__type__": "cc.SpriteFrame",
  "content": {
    "name": "Lvl1_ori",
    "atlas": "",
    "rect": {
      "x": 0,
      "y": 0,
      "width": 240,
      "height": 216
    },
    "offset": {
      "x": -0.5,
      "y": 0
    },
    "originalSize": {
      "width": 241,
      "height": 216
    },
    "rotated": false,
    "capInsets": [
      0,
      0,
      0,
      0
    ],
    "vertices": {
      "rawPosition": [
        -120,
        -108,
        0,
        120,
        -108,
        0,
        -120,
        108,
        0,
        120,
        108,
        0
      ],
      "indexes": [
        0,
        1,
        2,
        2,
        1,
        3
      ],
      "uv": [
        0,
        216,
        240,
        216,
        0,
        0,
        240,
        0
      ],
      "nuv": [
        0,
        0,
        0.995850622406639,
        0,
        0,
        1,
        0.995850622406639,
        1
      ],
      "minPos": {
        "x": -120,
        "y": -108,
        "z": 0
      },
      "maxPos": {
        "x": 120,
        "y": 108,
        "z": 0
      }
    },
    "texture": "c217b8fb-363c-4d9d-be27-d67e863649a8@6c48a",
    "packable": true,
    "pixelsToUnit": 100,
    "pivot": {
      "x": 0.5,
      "y": 0.5
    },
    "meshType": 0
  }
}