{
  "__type__": "cc.SpriteFrame",
  "content": {
    "name": "Layer02",
    "atlas": "",
    "rect": {
      "x": 0,
      "y": 0,
      "width": 1677,
      "height": 543
    },
    "offset": {
      "x": -0.5,
      "y": 0
    },
    "originalSize": {
      "width": 1678,
      "height": 543
    },
    "rotated": false,
    "capInsets": [
      0,
      0,
      0,
      0
    ],
    "vertices": {
      "rawPosition": [
        -838.5,
        -271.5,
        0,
        838.5,
        -271.5,
        0,
        -838.5,
        271.5,
        0,
        838.5,
        271.5,
        0
      ],
      "indexes": [
        0,
        1,
        2,
        2,
        1,
        3
      ],
      "uv": [
        0,
        543,
        1677,
        543,
        0,
        0,
        1677,
        0
      ],
      "nuv": [
        0,
        0,
        0.9994040524433849,
        0,
        0,
        1,
        0.9994040524433849,
        1
      ],
      "minPos": {
        "x": -838.5,
        "y": -271.5,
        "z": 0
      },
      "maxPos": {
        "x": 838.5,
        "y": 271.5,
        "z": 0
      }
    },
    "texture": "bb58a6d2-f598-4069-a863-9a2799346549@6c48a",
    "packable": true,
    "pixelsToUnit": 100,
    "pivot": {
      "x": 0.5,
      "y": 0.5
    },
    "meshType": 0
  }
}