{
  "__type__": "cc.SpriteFrame",
  "content": {
    "name": "Head.2",
    "atlas": "",
    "rect": {
      "x": 0,
      "y": 0,
      "width": 104,
      "height": 120
    },
    "offset": {
      "x": 0,
      "y": 0.5
    },
    "originalSize": {
      "width": 104,
      "height": 121
    },
    "rotated": false,
    "capInsets": [
      0,
      0,
      0,
      0
    ],
    "vertices": {
      "rawPosition": [
        -52,
        -60,
        0,
        52,
        -60,
        0,
        -52,
        60,
        0,
        52,
        60,
        0
      ],
      "indexes": [
        0,
        1,
        2,
        2,
        1,
        3
      ],
      "uv": [
        0,
        121,
        104,
        121,
        0,
        1,
        104,
        1
      ],
      "nuv": [
        0,
        0.008264462809917356,
        1,
        0.008264462809917356,
        0,
        1,
        1,
        1
      ],
      "minPos": {
        "x": -52,
        "y": -60,
        "z": 0
      },
      "maxPos": {
        "x": 52,
        "y": 60,
        "z": 0
      }
    },
    "texture": "bb941d2b-6080-4d2f-b993-2714bf340a35@6c48a",
    "packable": true,
    "pixelsToUnit": 100,
    "pivot": {
      "x": 0.5,
      "y": 0.5
    },
    "meshType": 0
  }
}