{
  "__type__": "cc.SpriteFrame",
  "content": {
    "name": "skeleton",
    "atlas": "",
    "rect": {
      "x": 2,
      "y": 2,
      "width": 837,
      "height": 503
    },
    "offset": {
      "x": 0,
      "y": 0
    },
    "originalSize": {
      "width": 841,
      "height": 507
    },
    "rotated": false,
    "capInsets": [
      0,
      0,
      0,
      0
    ],
    "vertices": {
      "rawPosition": [
        -418.5,
        -251.5,
        0,
        418.5,
        -251.5,
        0,
        -418.5,
        251.5,
        0,
        418.5,
        251.5,
        0
      ],
      "indexes": [
        0,
        1,
        2,
        2,
        1,
        3
      ],
      "uv": [
        2,
        505,
        839,
        505,
        2,
        2,
        839,
        2
      ],
      "nuv": [
        0.0023781212841854932,
        0.0039447731755424065,
        0.9976218787158145,
        0.0039447731755424065,
        0.0023781212841854932,
        0.9960552268244576,
        0.9976218787158145,
        0.9960552268244576
      ],
      "minPos": {
        "x": -418.5,
        "y": -251.5,
        "z": 0
      },
      "maxPos": {
        "x": 418.5,
        "y": 251.5,
        "z": 0
      }
    },
    "texture": "b73b9d1c-0538-424c-9f17-a65f840573b2@6c48a",
    "packable": true,
    "pixelsToUnit": 100,
    "pivot": {
      "x": 0.5,
      "y": 0.5
    },
    "meshType": 0
  }
}