{
  "__type__": "cc.SpriteFrame",
  "content": {
    "name": "Hand-B",
    "atlas": "",
    "rect": {
      "x": 0,
      "y": 0,
      "width": 78,
      "height": 105
    },
    "offset": {
      "x": 0,
      "y": 0.5
    },
    "originalSize": {
      "width": 78,
      "height": 106
    },
    "rotated": false,
    "capInsets": [
      0,
      0,
      0,
      0
    ],
    "vertices": {
      "rawPosition": [
        -39,
        -52.5,
        0,
        39,
        -52.5,
        0,
        -39,
        52.5,
        0,
        39,
        52.5,
        0
      ],
      "indexes": [
        0,
        1,
        2,
        2,
        1,
        3
      ],
      "uv": [
        0,
        106,
        78,
        106,
        0,
        1,
        78,
        1
      ],
      "nuv": [
        0,
        0.009433962264150943,
        1,
        0.009433962264150943,
        0,
        1,
        1,
        1
      ],
      "minPos": {
        "x": -39,
        "y": -52.5,
        "z": 0
      },
      "maxPos": {
        "x": 39,
        "y": 52.5,
        "z": 0
      }
    },
    "texture": "b7618fd6-28df-47f4-af11-181589f34295@6c48a",
    "packable": true,
    "pixelsToUnit": 100,
    "pivot": {
      "x": 0.5,
      "y": 0.5
    },
    "meshType": 0
  }
}