{
  "__type__": "cc.SpriteFrame",
  "content": {
    "name": "skeleton",
    "atlas": "",
    "rect": {
      "x": 2,
      "y": 2,
      "width": 834,
      "height": 502
    },
    "offset": {
      "x": 0,
      "y": 0
    },
    "originalSize": {
      "width": 838,
      "height": 506
    },
    "rotated": false,
    "capInsets": [
      0,
      0,
      0,
      0
    ],
    "vertices": {
      "rawPosition": [
        -417,
        -251,
        0,
        417,
        -251,
        0,
        -417,
        251,
        0,
        417,
        251,
        0
      ],
      "indexes": [
        0,
        1,
        2,
        2,
        1,
        3
      ],
      "uv": [
        2,
        504,
        836,
        504,
        2,
        2,
        836,
        2
      ],
      "nuv": [
        0.002386634844868735,
        0.003952569169960474,
        0.9976133651551312,
        0.003952569169960474,
        0.002386634844868735,
        0.9960474308300395,
        0.9976133651551312,
        0.9960474308300395
      ],
      "minPos": {
        "x": -417,
        "y": -251,
        "z": 0
      },
      "maxPos": {
        "x": 417,
        "y": 251,
        "z": 0
      }
    },
    "texture": "7fbe4401-8499-42f2-929e-d424b69ecf7b@6c48a",
    "packable": true,
    "pixelsToUnit": 100,
    "pivot": {
      "x": 0.5,
      "y": 0.5
    },
    "meshType": 0
  }
}