{
  "__type__": "cc.SpriteFrame",
  "content": {
    "name": "skeleton-Fx2_1",
    "atlas": "",
    "rect": {
      "x": 78,
      "y": 70,
      "width": 46,
      "height": 43
    },
    "offset": {
      "x": 1.5,
      "y": 1
    },
    "originalSize": {
      "width": 199,
      "height": 185
    },
    "rotated": false,
    "capInsets": [
      0,
      0,
      0,
      0
    ],
    "vertices": {
      "rawPosition": [
        -23,
        -21.5,
        0,
        23,
        -21.5,
        0,
        -23,
        21.5,
        0,
        23,
        21.5,
        0
      ],
      "indexes": [
        0,
        1,
        2,
        2,
        1,
        3
      ],
      "uv": [
        78,
        115,
        124,
        115,
        78,
        72,
        124,
        72
      ],
      "nuv": [
        0.39195979899497485,
        0.3891891891891892,
        0.6231155778894473,
        0.3891891891891892,
        0.39195979899497485,
        0.6216216216216216,
        0.6231155778894473,
        0.6216216216216216
      ],
      "minPos": {
        "x": -23,
        "y": -21.5,
        "z": 0
      },
      "maxPos": {
        "x": 23,
        "y": 21.5,
        "z": 0
      }
    },
    "texture": "7b1ed74b-b35c-4d5e-9b37-249014f43b20@6c48a",
    "packable": true,
    "pixelsToUnit": 100,
    "pivot": {
      "x": 0.5,
      "y": 0.5
    },
    "meshType": 0
  }
}