{
  "__type__": "cc.SpriteFrame",
  "content": {
    "name": "skeleton-Fx3_16",
    "atlas": "",
    "rect": {
      "x": 6,
      "y": 6,
      "width": 218,
      "height": 193
    },
    "offset": {
      "x": -1,
      "y": 0
    },
    "originalSize": {
      "width": 232,
      "height": 205
    },
    "rotated": false,
    "capInsets": [
      0,
      0,
      0,
      0
    ],
    "vertices": {
      "rawPosition": [
        -109,
        -96.5,
        0,
        109,
        -96.5,
        0,
        -109,
        96.5,
        0,
        109,
        96.5,
        0
      ],
      "indexes": [
        0,
        1,
        2,
        2,
        1,
        3
      ],
      "uv": [
        6,
        199,
        224,
        199,
        6,
        6,
        224,
        6
      ],
      "nuv": [
        0.02586206896551724,
        0.02926829268292683,
        0.9655172413793104,
        0.02926829268292683,
        0.02586206896551724,
        0.9707317073170731,
        0.9655172413793104,
        0.9707317073170731
      ],
      "minPos": {
        "x": -109,
        "y": -96.5,
        "z": 0
      },
      "maxPos": {
        "x": 109,
        "y": 96.5,
        "z": 0
      }
    },
    "texture": "10731723-c721-4f3e-a335-cd15181e58d0@6c48a",
    "packable": true,
    "pixelsToUnit": 100,
    "pivot": {
      "x": 0.5,
      "y": 0.5
    },
    "meshType": 0
  }
}