{
  "__type__": "cc.SpriteFrame",
  "content": {
    "name": "skeleton-Fx1_4",
    "atlas": "",
    "rect": {
      "x": 37,
      "y": 39,
      "width": 76,
      "height": 76
    },
    "offset": {
      "x": -1.5,
      "y": -0.5
    },
    "originalSize": {
      "width": 153,
      "height": 153
    },
    "rotated": false,
    "capInsets": [
      0,
      0,
      0,
      0
    ],
    "vertices": {
      "rawPosition": [
        -38,
        -38,
        0,
        38,
        -38,
        0,
        -38,
        38,
        0,
        38,
        38,
        0
      ],
      "indexes": [
        0,
        1,
        2,
        2,
        1,
        3
      ],
      "uv": [
        37,
        114,
        113,
        114,
        37,
        38,
        113,
        38
      ],
      "nuv": [
        0.24183006535947713,
        0.24836601307189543,
        0.738562091503268,
        0.24836601307189543,
        0.24183006535947713,
        0.7450980392156863,
        0.738562091503268,
        0.7450980392156863
      ],
      "minPos": {
        "x": -38,
        "y": -38,
        "z": 0
      },
      "maxPos": {
        "x": 38,
        "y": 38,
        "z": 0
      }
    },
    "texture": "4f8f37ed-5d42-49c2-b7af-a1b15212425c@6c48a",
    "packable": true,
    "pixelsToUnit": 100,
    "pivot": {
      "x": 0.5,
      "y": 0.5
    },
    "meshType": 0
  }
}