{
  "__type__": "cc.SpriteFrame",
  "content": {
    "name": "Vs",
    "atlas": "",
    "rect": {
      "x": 2,
      "y": 9,
      "width": 158,
      "height": 114
    },
    "offset": {
      "x": -0.5,
      "y": 2
    },
    "originalSize": {
      "width": 163,
      "height": 136
    },
    "rotated": false,
    "capInsets": [
      0,
      0,
      0,
      0
    ],
    "vertices": {
      "rawPosition": [
        -79,
        -57,
        0,
        79,
        -57,
        0,
        -79,
        57,
        0,
        79,
        57,
        0
      ],
      "indexes": [
        0,
        1,
        2,
        2,
        1,
        3
      ],
      "uv": [
        2,
        127,
        160,
        127,
        2,
        13,
        160,
        13
      ],
      "nuv": [
        0.012269938650306749,
        0.09558823529411764,
        0.9815950920245399,
        0.09558823529411764,
        0.012269938650306749,
        0.9338235294117647,
        0.9815950920245399,
        0.9338235294117647
      ],
      "minPos": {
        "x": -79,
        "y": -57,
        "z": 0
      },
      "maxPos": {
        "x": 79,
        "y": 57,
        "z": 0
      }
    },
    "texture": "782e379d-8e1b-4e17-9bfb-6da011dd0034@6c48a",
    "packable": true,
    "pixelsToUnit": 100,
    "pivot": {
      "x": 0.5,
      "y": 0.5
    },
    "meshType": 0
  }
}