{
  "__type__": "cc.SpriteFrame",
  "content": {
    "name": "skeleton-Fx2_17",
    "atlas": "",
    "rect": {
      "x": 198,
      "y": 184,
      "width": 1,
      "height": 1
    },
    "offset": {
      "x": 99,
      "y": -92
    },
    "originalSize": {
      "width": 199,
      "height": 185
    },
    "rotated": false,
    "capInsets": [
      0,
      0,
      0,
      0
    ],
    "vertices": {
      "rawPosition": [
        -0.5,
        -0.5,
        0,
        0.5,
        -0.5,
        0,
        -0.5,
        0.5,
        0,
        0.5,
        0.5,
        0
      ],
      "indexes": [
        0,
        1,
        2,
        2,
        1,
        3
      ],
      "uv": [
        198,
        1,
        199,
        1,
        198,
        0,
        199,
        0
      ],
      "nuv": [
        0.9949748743718593,
        0,
        1,
        0,
        0.9949748743718593,
        0.005405405405405406,
        1,
        0.005405405405405406
      ],
      "minPos": {
        "x": -0.5,
        "y": -0.5,
        "z": 0
      },
      "maxPos": {
        "x": 0.5,
        "y": 0.5,
        "z": 0
      }
    },
    "texture": "bc627004-cda4-4691-8d86-1dca858ddabb@6c48a",
    "packable": true,
    "pixelsToUnit": 100,
    "pivot": {
      "x": 0.5,
      "y": 0.5
    },
    "meshType": 0
  }
}