{
  "__type__": "cc.SpriteFrame",
  "content": {
    "name": "skeleton-Fx1_8",
    "atlas": "",
    "rect": {
      "x": 10,
      "y": 12,
      "width": 131,
      "height": 129
    },
    "offset": {
      "x": -1,
      "y": 0
    },
    "originalSize": {
      "width": 153,
      "height": 153
    },
    "rotated": false,
    "capInsets": [
      0,
      0,
      0,
      0
    ],
    "vertices": {
      "rawPosition": [
        -65.5,
        -64.5,
        0,
        65.5,
        -64.5,
        0,
        -65.5,
        64.5,
        0,
        65.5,
        64.5,
        0
      ],
      "indexes": [
        0,
        1,
        2,
        2,
        1,
        3
      ],
      "uv": [
        10,
        141,
        141,
        141,
        10,
        12,
        141,
        12
      ],
      "nuv": [
        0.06535947712418301,
        0.0784313725490196,
        0.9215686274509803,
        0.0784313725490196,
        0.06535947712418301,
        0.9215686274509803,
        0.9215686274509803,
        0.9215686274509803
      ],
      "minPos": {
        "x": -65.5,
        "y": -64.5,
        "z": 0
      },
      "maxPos": {
        "x": 65.5,
        "y": 64.5,
        "z": 0
      }
    },
    "texture": "d6773370-3661-4bfc-982e-596e385294c8@6c48a",
    "packable": true,
    "pixelsToUnit": 100,
    "pivot": {
      "x": 0.5,
      "y": 0.5
    },
    "meshType": 0
  }
}