{
  "__type__": "cc.SpriteFrame",
  "content": {
    "name": "Layer02",
    "atlas": "",
    "rect": {
      "x": 0,
      "y": 0,
      "width": 1374,
      "height": 143
    },
    "offset": {
      "x": -1,
      "y": 0
    },
    "originalSize": {
      "width": 1376,
      "height": 143
    },
    "rotated": false,
    "capInsets": [
      0,
      0,
      0,
      0
    ],
    "vertices": {
      "rawPosition": [
        -687,
        -71.5,
        0,
        687,
        -71.5,
        0,
        -687,
        71.5,
        0,
        687,
        71.5,
        0
      ],
      "indexes": [
        0,
        1,
        2,
        2,
        1,
        3
      ],
      "uv": [
        0,
        143,
        1374,
        143,
        0,
        0,
        1374,
        0
      ],
      "nuv": [
        0,
        0,
        0.998546511627907,
        0,
        0,
        1,
        0.998546511627907,
        1
      ],
      "minPos": {
        "x": -687,
        "y": -71.5,
        "z": 0
      },
      "maxPos": {
        "x": 687,
        "y": 71.5,
        "z": 0
      }
    },
    "texture": "3163324b-8c0e-406e-a688-76bf2386dbbc@6c48a",
    "packable": true,
    "pixelsToUnit": 100,
    "pivot": {
      "x": 0.5,
      "y": 0.5
    },
    "meshType": 0
  }
}