{
  "__type__": "cc.SpriteFrame",
  "content": {
    "name": "Head.-2(1)",
    "atlas": "",
    "rect": {
      "x": 0,
      "y": 0,
      "width": 129,
      "height": 99
    },
    "offset": {
      "x": -0.5,
      "y": 0
    },
    "originalSize": {
      "width": 130,
      "height": 99
    },
    "rotated": false,
    "capInsets": [
      0,
      0,
      0,
      0
    ],
    "vertices": {
      "rawPosition": [
        -64.5,
        -49.5,
        0,
        64.5,
        -49.5,
        0,
        -64.5,
        49.5,
        0,
        64.5,
        49.5,
        0
      ],
      "indexes": [
        0,
        1,
        2,
        2,
        1,
        3
      ],
      "uv": [
        0,
        99,
        129,
        99,
        0,
        0,
        129,
        0
      ],
      "nuv": [
        0,
        0,
        0.9923076923076923,
        0,
        0,
        1,
        0.9923076923076923,
        1
      ],
      "minPos": {
        "x": -64.5,
        "y": -49.5,
        "z": 0
      },
      "maxPos": {
        "x": 64.5,
        "y": 49.5,
        "z": 0
      }
    },
    "texture": "a42dd20f-fbb2-4190-9279-228716a5a79a@6c48a",
    "packable": true,
    "pixelsToUnit": 100,
    "pivot": {
      "x": 0.5,
      "y": 0.5
    },
    "meshType": 0
  }
}