{
  "__type__": "cc.SpriteFrame",
  "content": {
    "name": "skeleton",
    "atlas": "",
    "rect": {
      "x": 2,
      "y": 2,
      "width": 821,
      "height": 503
    },
    "offset": {
      "x": 0,
      "y": 0
    },
    "originalSize": {
      "width": 825,
      "height": 507
    },
    "rotated": false,
    "capInsets": [
      0,
      0,
      0,
      0
    ],
    "vertices": {
      "rawPosition": [
        -410.5,
        -251.5,
        0,
        410.5,
        -251.5,
        0,
        -410.5,
        251.5,
        0,
        410.5,
        251.5,
        0
      ],
      "indexes": [
        0,
        1,
        2,
        2,
        1,
        3
      ],
      "uv": [
        2,
        505,
        823,
        505,
        2,
        2,
        823,
        2
      ],
      "nuv": [
        0.0024242424242424242,
        0.0039447731755424065,
        0.9975757575757576,
        0.0039447731755424065,
        0.0024242424242424242,
        0.9960552268244576,
        0.9975757575757576,
        0.9960552268244576
      ],
      "minPos": {
        "x": -410.5,
        "y": -251.5,
        "z": 0
      },
      "maxPos": {
        "x": 410.5,
        "y": 251.5,
        "z": 0
      }
    },
    "texture": "5cae8a19-108a-41c1-94bf-50e3b3d79224@6c48a",
    "packable": true,
    "pixelsToUnit": 100,
    "pivot": {
      "x": 0.5,
      "y": 0.5
    },
    "meshType": 0
  }
}