{
  "__type__": "cc.SpriteFrame",
  "content": {
    "name": "skeleton-Fx2_12",
    "atlas": "",
    "rect": {
      "x": 4,
      "y": 4,
      "width": 194,
      "height": 178
    },
    "offset": {
      "x": 1.5,
      "y": -0.5
    },
    "originalSize": {
      "width": 199,
      "height": 185
    },
    "rotated": false,
    "capInsets": [
      0,
      0,
      0,
      0
    ],
    "vertices": {
      "rawPosition": [
        -97,
        -89,
        0,
        97,
        -89,
        0,
        -97,
        89,
        0,
        97,
        89,
        0
      ],
      "indexes": [
        0,
        1,
        2,
        2,
        1,
        3
      ],
      "uv": [
        4,
        181,
        198,
        181,
        4,
        3,
        198,
        3
      ],
      "nuv": [
        0.020100502512562814,
        0.016216216216216217,
        0.9949748743718593,
        0.016216216216216217,
        0.020100502512562814,
        0.9783783783783784,
        0.9949748743718593,
        0.9783783783783784
      ],
      "minPos": {
        "x": -97,
        "y": -89,
        "z": 0
      },
      "maxPos": {
        "x": 97,
        "y": 89,
        "z": 0
      }
    },
    "texture": "00ceef16-a5a2-4258-95df-eb1e4def57dd@6c48a",
    "packable": true,
    "pixelsToUnit": 100,
    "pivot": {
      "x": 0.5,
      "y": 0.5
    },
    "meshType": 0
  }
}